date,city,temp_max,temp_min,temp_mean,precipitation_sum,rain_sum,wind_speed_max,weather_code,forecast_snapshot,created_at,updated_at
2025-04-20,Gurugram,40.3,26.1,33.1,0.0,0.0,18.3,1,,2026-04-19 18:55:30,2026-04-19 18:55:30
2025-04-21,Gurugram,39.8,24.4,32.5,0.0,0.0,15.2,3,,2026-04-19 18:55:30,2026-04-19 18:55:30
2025-04-22,Gurugram,38.8,22.0,31.0,0.0,0.0,13.8,0,,2026-04-19 18:55:30,2026-04-19 18:55:30
2025-04-23,Gurugram,38.7,22.0,30.7,0.0,0.0,15.2,0,,2026-04-19 18:55:30,2026-04-19 18:55:30
2025-04-24,Gurugram,39.8,22.3,31.4,0.0,0.0,13.0,0,,2026-04-19 18:55:30,2026-04-19 18:55:30
2025-04-25,Gurugram,40.7,23.2,32.7,0.0,0.0,15.5,1,,2026-04-19 18:55:30,2026-04-19 18:55:30
2025-04-26,Gurugram,40.6,22.8,32.9,0.0,0.0,21.1,3,,2026-04-19 18:55:30,2026-04-19 18:55:30
2025-04-27,Gurugram,40.2,26.9,33.3,0.0,0.0,16.8,3,,2026-04-19 18:55:30,2026-04-19 18:55:30
2025-04-28,Gurugram,40.6,23.9,32.5,0.0,0.0,18.6,1,,2026-04-19 18:55:30,2026-04-19 18:55:30
2025-04-29,Gurugram,38.0,25.1,31.2,0.0,0.0,19.0,1,,2026-04-19 18:55:30,2026-04-19 18:55:30
2025-04-30,Gurugram,37.3,26.1,31.4,0.0,0.0,15.1,3,,2026-04-19 18:55:30,2026-04-19 18:55:30
2025-05-01,Gurugram,37.7,25.9,31.8,0.0,0.0,18.7,3,,2026-04-19 18:55:30,2026-04-19 18:55:30
2025-05-02,Gurugram,29.6,21.5,26.4,11.9,11.9,18.0,63,,2026-04-19 18:55:30,2026-04-19 18:55:30
2025-05-03,Gurugram,35.0,22.8,28.4,0.7,0.7,21.6,51,,2026-04-19 18:55:30,2026-04-19 18:55:30
2025-05-04,Gurugram,35.2,23.8,29.0,2.5,2.5,14.4,61,,2026-04-19 18:55:30,2026-04-19 18:55:30
2025-05-05,Gurugram,35.8,24.0,28.6,0.2,0.2,16.1,51,,2026-04-19 18:55:30,2026-04-19 18:55:30
2025-05-06,Gurugram,34.1,22.2,27.7,0.7,0.7,17.2,53,,2026-04-19 18:55:30,2026-04-19 18:55:30
2025-05-07,Gurugram,34.5,24.0,28.3,0.5,0.5,14.0,53,,2026-04-19 18:55:30,2026-04-19 18:55:30
2025-05-08,Gurugram,33.6,23.9,28.3,0.7,0.7,14.5,53,,2026-04-19 18:55:30,2026-04-19 18:55:30
2025-05-09,Gurugram,35.9,24.1,29.8,0.2,0.2,11.4,51,,2026-04-19 18:55:30,2026-04-19 18:55:30
2025-05-10,Gurugram,36.5,24.9,29.8,0.6,0.6,11.1,51,,2026-04-19 18:55:30,2026-04-19 18:55:30
2025-05-11,Gurugram,37.9,24.1,31.1,0.0,0.0,16.5,1,,2026-04-19 18:55:30,2026-04-19 18:55:30
2025-05-12,Gurugram,39.0,24.1,31.7,0.0,0.0,14.3,1,,2026-04-19 18:55:30,2026-04-19 18:55:30
2025-05-13,Gurugram,40.7,26.0,32.9,0.0,0.0,21.9,2,,2026-04-19 18:55:30,2026-04-19 18:55:30
2025-05-14,Gurugram,40.2,25.5,32.9,0.0,0.0,14.8,1,,2026-04-19 18:55:30,2026-04-19 18:55:30
2025-05-15,Gurugram,41.0,26.0,33.7,0.0,0.0,13.6,0,,2026-04-19 18:55:30,2026-04-19 18:55:30
2025-05-16,Gurugram,42.2,26.6,34.4,0.0,0.0,23.2,1,,2026-04-19 18:55:30,2026-04-19 18:55:30
2025-05-17,Gurugram,41.8,28.6,34.5,0.0,0.0,22.8,1,,2026-04-19 18:55:30,2026-04-19 18:55:30
2025-05-18,Gurugram,41.8,28.4,34.7,0.0,0.0,16.2,1,,2026-04-19 18:55:30,2026-04-19 18:55:30
2025-05-19,Gurugram,40.5,26.9,33.8,0.0,0.0,16.1,0,,2026-04-19 18:55:30,2026-04-19 18:55:30
2025-05-20,Gurugram,42.4,27.5,34.4,0.0,0.0,21.6,3,,2026-04-19 18:55:30,2026-04-19 18:55:30
2025-05-21,Gurugram,41.7,28.0,34.3,0.0,0.0,23.4,3,,2026-04-19 18:55:30,2026-04-19 18:55:30
2025-05-22,Gurugram,37.0,25.2,31.5,0.0,0.0,18.4,0,,2026-04-19 18:55:30,2026-04-19 18:55:30
2025-05-23,Gurugram,37.9,26.5,32.3,0.0,0.0,17.5,3,,2026-04-19 18:55:30,2026-04-19 18:55:30
2025-05-24,Gurugram,37.2,28.2,33.0,0.5,0.5,19.7,51,,2026-04-19 18:55:30,2026-04-19 18:55:30
2025-05-25,Gurugram,32.8,23.1,28.9,0.3,0.3,21.4,51,,2026-04-19 18:55:30,2026-04-19 18:55:30
2025-05-26,Gurugram,35.7,24.3,29.9,0.2,0.2,16.3,51,,2026-04-19 18:55:30,2026-04-19 18:55:30
2025-05-27,Gurugram,35.7,26.2,30.9,0.0,0.0,10.7,1,,2026-04-19 18:55:30,2026-04-19 18:55:30
2025-05-28,Gurugram,37.5,27.0,32.1,0.0,0.0,11.7,1,,2026-04-19 18:55:30,2026-04-19 18:55:30
2025-05-29,Gurugram,39.2,26.9,32.8,0.0,0.0,12.1,3,,2026-04-19 18:55:30,2026-04-19 18:55:30
2025-05-30,Gurugram,35.7,26.6,30.9,0.0,0.0,13.5,3,,2026-04-19 18:55:30,2026-04-19 18:55:30
2025-05-31,Gurugram,38.1,26.1,30.8,0.5,0.5,21.0,51,,2026-04-19 18:55:30,2026-04-19 18:55:30
2025-06-01,Gurugram,36.5,25.5,30.1,4.4,4.4,21.4,63,,2026-04-19 18:55:30,2026-04-19 18:55:30
2025-06-02,Gurugram,36.0,25.1,29.8,0.0,0.0,14.8,3,,2026-04-19 18:55:30,2026-04-19 18:55:30
2025-06-03,Gurugram,32.6,24.4,28.3,0.0,0.0,12.2,3,,2026-04-19 18:55:30,2026-04-19 18:55:30
2025-06-04,Gurugram,34.5,23.4,27.5,0.1,0.1,12.7,51,,2026-04-19 18:55:30,2026-04-19 18:55:30
2025-06-05,Gurugram,34.5,22.4,28.6,0.0,0.0,9.6,2,,2026-04-19 18:55:30,2026-04-19 18:55:30
2025-06-06,Gurugram,35.3,24.0,30.0,0.0,0.0,11.2,1,,2026-04-19 18:55:30,2026-04-19 18:55:30
2025-06-07,Gurugram,37.8,25.5,31.7,0.0,0.0,13.4,0,,2026-04-19 18:55:30,2026-04-19 18:55:30
2025-06-08,Gurugram,40.3,26.9,33.6,0.0,0.0,10.3,0,,2026-04-19 18:55:30,2026-04-19 18:55:30
2025-06-09,Gurugram,41.3,26.8,34.5,0.0,0.0,17.1,0,,2026-04-19 18:55:30,2026-04-19 18:55:30
2025-06-10,Gurugram,41.0,28.0,34.5,0.0,0.0,14.5,0,,2026-04-19 18:55:30,2026-04-19 18:55:30
2025-06-11,Gurugram,41.5,27.0,34.8,0.0,0.0,15.9,0,,2026-04-19 18:55:30,2026-04-19 18:55:30
2025-06-12,Gurugram,42.0,29.0,35.5,0.0,0.0,14.7,1,,2026-04-19 18:55:30,2026-04-19 18:55:30
2025-06-13,Gurugram,40.5,30.0,35.1,0.0,0.0,14.1,3,,2026-04-19 18:55:30,2026-04-19 18:55:30
2025-06-14,Gurugram,40.8,29.1,34.7,0.0,0.0,13.7,0,,2026-04-19 18:55:30,2026-04-19 18:55:30
2025-06-15,Gurugram,37.0,28.5,32.7,0.3,0.3,21.0,51,,2026-04-19 18:55:30,2026-04-19 18:55:30
2025-06-16,Gurugram,32.2,25.0,29.3,16.6,16.6,18.2,63,,2026-04-19 18:55:30,2026-04-19 18:55:30
2025-06-17,Gurugram,34.5,24.8,29.3,19.6,19.6,11.4,63,,2026-04-19 18:55:30,2026-04-19 18:55:30
2025-06-18,Gurugram,33.7,23.9,29.1,7.2,7.2,9.8,61,,2026-04-19 18:55:30,2026-04-19 18:55:30
2025-06-19,Gurugram,33.2,27.2,29.8,0.4,0.4,12.5,51,,2026-04-19 18:55:30,2026-04-19 18:55:30
2025-06-20,Gurugram,32.2,24.9,28.7,5.3,5.3,15.0,63,,2026-04-19 18:55:30,2026-04-19 18:55:30
2025-06-21,Gurugram,35.0,26.1,30.4,0.4,0.4,9.9,51,,2026-04-19 18:55:30,2026-04-19 18:55:30
2025-06-22,Gurugram,35.0,27.5,31.0,1.1,1.1,11.8,53,,2026-04-19 18:55:30,2026-04-19 18:55:30
2025-06-23,Gurugram,35.4,27.3,31.0,0.1,0.1,14.7,51,,2026-04-19 18:55:30,2026-04-19 18:55:30
2025-06-24,Gurugram,35.1,27.0,30.8,0.7,0.7,11.0,51,,2026-04-19 18:55:30,2026-04-19 18:55:30
2025-06-25,Gurugram,33.0,26.0,29.5,27.4,27.4,13.9,65,,2026-04-19 18:55:30,2026-04-19 18:55:30
2025-06-26,Gurugram,34.8,26.2,30.9,7.9,7.9,14.2,63,,2026-04-19 18:55:30,2026-04-19 18:55:30
2025-06-27,Gurugram,34.2,27.9,30.7,1.8,1.8,15.3,53,,2026-04-19 18:55:30,2026-04-19 18:55:30
2025-06-28,Gurugram,35.0,25.5,30.4,9.5,9.5,14.4,63,,2026-04-19 18:55:30,2026-04-19 18:55:30
2025-06-29,Gurugram,33.5,26.0,29.5,10.1,10.1,16.2,63,,2026-04-19 18:55:30,2026-04-19 18:55:30
2025-06-30,Gurugram,32.8,24.9,28.1,21.4,21.4,13.7,65,,2026-04-19 18:55:30,2026-04-19 18:55:30
2025-07-01,Gurugram,33.5,25.4,28.6,5.6,5.6,11.2,61,,2026-04-19 18:55:30,2026-04-19 18:55:30
2025-07-02,Gurugram,33.5,26.6,29.8,0.5,0.5,11.3,51,,2026-04-19 18:55:30,2026-04-19 18:55:30
2025-07-03,Gurugram,33.8,26.3,30.0,0.6,0.6,12.4,51,,2026-04-19 18:55:30,2026-04-19 18:55:30
2025-07-04,Gurugram,34.2,26.4,30.2,0.9,0.9,10.9,51,,2026-04-19 18:55:30,2026-04-19 18:55:30
2025-07-05,Gurugram,34.7,26.1,30.4,2.8,2.8,9.3,61,,2026-04-19 18:55:30,2026-04-19 18:55:30
2025-07-06,Gurugram,34.8,26.2,30.2,9.0,9.0,9.6,63,,2026-04-19 18:55:30,2026-04-19 18:55:30
2025-07-07,Gurugram,33.3,25.4,28.8,16.9,16.9,7.9,65,,2026-04-19 18:55:30,2026-04-19 18:55:30
2025-07-08,Gurugram,34.0,26.5,30.6,0.4,0.4,13.4,51,,2026-04-19 18:55:30,2026-04-19 18:55:30
2025-07-09,Gurugram,32.0,26.5,29.2,10.6,10.6,10.3,65,,2026-04-19 18:55:30,2026-04-19 18:55:30
2025-07-10,Gurugram,29.6,25.0,27.0,3.8,3.8,11.1,53,,2026-04-19 18:55:30,2026-04-19 18:55:30
2025-07-11,Gurugram,31.0,25.4,28.0,0.2,0.2,7.3,51,,2026-04-19 18:55:30,2026-04-19 18:55:30
2025-07-12,Gurugram,33.5,25.3,29.1,0.6,0.6,10.2,51,,2026-04-19 18:55:30,2026-04-19 18:55:30
2025-07-13,Gurugram,32.3,25.6,27.9,17.9,17.9,15.1,65,,2026-04-19 18:55:30,2026-04-19 18:55:30
2025-07-14,Gurugram,30.9,25.5,27.8,9.9,9.9,22.2,63,,2026-04-19 18:55:30,2026-04-19 18:55:30
2025-07-15,Gurugram,31.8,25.4,28.0,3.0,3.0,22.0,55,,2026-04-19 18:55:30,2026-04-19 18:55:30
2025-07-16,Gurugram,32.2,25.5,28.6,1.2,1.2,14.4,53,,2026-04-19 18:55:30,2026-04-19 18:55:30
2025-07-17,Gurugram,31.1,26.3,28.4,2.4,2.4,15.4,61,,2026-04-19 18:55:30,2026-04-19 18:55:30
2025-07-18,Gurugram,31.3,26.0,28.2,5.1,5.1,22.6,63,,2026-04-19 18:55:30,2026-04-19 18:55:30
2025-07-19,Gurugram,32.5,25.9,28.8,0.0,0.0,20.5,3,,2026-04-19 18:55:30,2026-04-19 18:55:30
2025-07-20,Gurugram,34.0,25.8,29.7,0.0,0.0,9.3,3,,2026-04-19 18:55:30,2026-04-19 18:55:30
2025-07-21,Gurugram,30.7,26.3,28.4,0.6,0.6,7.6,51,,2026-04-19 18:55:30,2026-04-19 18:55:30
2025-07-22,Gurugram,33.6,25.9,29.4,0.5,0.5,8.9,51,,2026-04-19 18:55:30,2026-04-19 18:55:30
2025-07-23,Gurugram,32.4,26.8,28.9,2.8,2.8,14.0,55,,2026-04-19 18:55:30,2026-04-19 18:55:30
2025-07-24,Gurugram,34.5,24.4,30.0,11.5,11.5,12.3,65,,2026-04-19 18:55:30,2026-04-19 18:55:30
2025-07-25,Gurugram,34.8,25.8,30.8,0.0,0.0,12.7,3,,2026-04-19 18:55:30,2026-04-19 18:55:30
2025-07-26,Gurugram,33.7,26.4,30.0,0.6,0.6,7.7,51,,2026-04-19 18:55:30,2026-04-19 18:55:30
2025-07-27,Gurugram,34.1,27.6,30.5,0.4,0.4,11.2,51,,2026-04-19 18:55:30,2026-04-19 18:55:30
2025-07-28,Gurugram,34.6,27.1,30.7,0.2,0.2,10.2,51,,2026-04-19 18:55:30,2026-04-19 18:55:30
2025-07-29,Gurugram,32.7,26.8,28.8,3.2,3.2,7.5,61,,2026-04-19 18:55:30,2026-04-19 18:55:30
2025-07-30,Gurugram,31.4,26.1,27.8,8.7,8.7,10.5,63,,2026-04-19 18:55:30,2026-04-19 18:55:30
2025-07-31,Gurugram,31.1,24.9,27.0,27.9,27.9,12.2,63,,2026-04-19 18:55:30,2026-04-19 18:55:30
2025-08-01,Gurugram,32.2,25.5,28.2,5.6,5.6,13.4,63,,2026-04-19 18:55:30,2026-04-19 18:55:30
2025-08-02,Gurugram,32.4,25.7,29.0,1.3,1.3,12.6,53,,2026-04-19 18:55:30,2026-04-19 18:55:30
2025-08-03,Gurugram,33.3,26.5,29.6,0.5,0.5,15.7,51,,2026-04-19 18:55:30,2026-04-19 18:55:30
2025-08-04,Gurugram,30.6,26.6,28.4,0.3,0.3,18.4,51,,2026-04-19 18:55:30,2026-04-19 18:55:30
2025-08-05,Gurugram,31.3,27.0,28.2,2.0,2.0,14.8,61,,2026-04-19 18:55:30,2026-04-19 18:55:30
2025-08-06,Gurugram,32.5,25.9,28.6,1.1,1.1,11.2,53,,2026-04-19 18:55:30,2026-04-19 18:55:30
2025-08-07,Gurugram,33.8,25.5,29.7,0.0,0.0,14.8,3,,2026-04-19 18:55:30,2026-04-19 18:55:30
2025-08-08,Gurugram,33.5,26.0,29.7,0.0,0.0,14.3,3,,2026-04-19 18:55:30,2026-04-19 18:55:30
2025-08-09,Gurugram,30.6,25.6,27.8,4.8,4.8,9.9,61,,2026-04-19 18:55:30,2026-04-19 18:55:30
2025-08-10,Gurugram,32.5,25.5,29.0,0.8,0.8,7.6,51,,2026-04-19 18:55:30,2026-04-19 18:55:30
2025-08-11,Gurugram,33.7,26.4,29.5,1.2,1.2,14.5,53,,2026-04-19 18:55:30,2026-04-19 18:55:30
2025-08-12,Gurugram,33.1,25.4,29.0,11.1,11.1,10.4,63,,2026-04-19 18:55:30,2026-04-19 18:55:30
2025-08-13,Gurugram,33.0,26.3,30.0,0.1,0.1,9.9,51,,2026-04-19 18:55:30,2026-04-19 18:55:30
2025-08-14,Gurugram,29.1,26.0,27.5,7.0,7.0,9.9,61,,2026-04-19 18:55:30,2026-04-19 18:55:30
2025-08-15,Gurugram,31.6,25.3,28.3,2.6,2.6,8.4,53,,2026-04-19 18:55:30,2026-04-19 18:55:30
2025-08-16,Gurugram,31.5,26.1,28.7,5.5,5.5,9.4,63,,2026-04-19 18:55:30,2026-04-19 18:55:30
2025-08-17,Gurugram,32.2,27.0,29.1,1.7,1.7,13.8,53,,2026-04-19 18:55:30,2026-04-19 18:55:30
2025-08-18,Gurugram,32.0,26.9,29.2,3.3,3.3,14.2,61,,2026-04-19 18:55:30,2026-04-19 18:55:30
2025-08-19,Gurugram,32.0,26.2,29.1,4.8,4.8,11.5,63,,2026-04-19 18:55:30,2026-04-19 18:55:30
2025-08-20,Gurugram,32.8,25.9,29.2,5.0,5.0,14.3,63,,2026-04-19 18:55:30,2026-04-19 18:55:30
2025-08-21,Gurugram,32.3,25.1,28.8,14.2,14.2,13.0,65,,2026-04-19 18:55:30,2026-04-19 18:55:30
2025-08-22,Gurugram,32.5,24.6,28.5,7.8,7.8,9.8,61,,2026-04-19 18:55:30,2026-04-19 18:55:30
2025-08-23,Gurugram,32.0,24.9,27.8,11.1,11.1,11.4,63,,2026-04-19 18:55:30,2026-04-19 18:55:30
2025-08-24,Gurugram,31.7,25.0,27.4,10.2,10.2,16.2,63,,2026-04-19 18:55:30,2026-04-19 18:55:30
2025-08-25,Gurugram,28.5,24.2,26.1,31.5,31.5,17.8,65,,2026-04-19 18:55:30,2026-04-19 18:55:30
2025-08-26,Gurugram,30.4,24.5,27.1,6.8,6.8,19.1,63,,2026-04-19 18:55:30,2026-04-19 18:55:30
2025-08-27,Gurugram,32.7,25.0,28.4,1.1,1.1,11.6,51,,2026-04-19 18:55:30,2026-04-19 18:55:30
2025-08-28,Gurugram,32.3,25.3,28.8,0.2,0.2,10.4,51,,2026-04-19 18:55:30,2026-04-19 18:55:30
2025-08-29,Gurugram,31.5,25.0,28.0,16.0,16.0,13.3,65,,2026-04-19 18:55:30,2026-04-19 18:55:30
2025-08-30,Gurugram,32.0,25.8,28.4,3.2,3.2,15.2,61,,2026-04-19 18:55:30,2026-04-19 18:55:30
2025-08-31,Gurugram,30.0,25.2,26.8,16.5,16.5,15.4,63,,2026-04-19 18:55:30,2026-04-19 18:55:30
2025-09-01,Gurugram,30.0,23.7,25.7,36.6,36.6,20.3,65,,2026-04-19 18:55:30,2026-04-19 18:55:30
2025-09-02,Gurugram,29.4,23.6,25.1,20.1,20.1,19.1,63,,2026-04-19 18:55:30,2026-04-19 18:55:30
2025-09-03,Gurugram,30.6,24.0,26.2,8.4,8.4,14.4,63,,2026-04-19 18:55:30,2026-04-19 18:55:30
2025-09-04,Gurugram,31.6,24.0,27.1,12.6,12.6,11.2,63,,2026-04-19 18:55:30,2026-04-19 18:55:30
2025-09-05,Gurugram,31.3,25.2,27.5,9.0,9.0,19.2,63,,2026-04-19 18:55:30,2026-04-19 18:55:30
2025-09-06,Gurugram,31.5,24.3,27.7,9.7,9.7,17.0,63,,2026-04-19 18:55:30,2026-04-19 18:55:30
2025-09-07,Gurugram,31.7,24.5,27.9,2.2,2.2,13.8,53,,2026-04-19 18:55:30,2026-04-19 18:55:30
2025-09-08,Gurugram,32.5,25.0,28.6,0.1,0.1,9.3,51,,2026-04-19 18:55:30,2026-04-19 18:55:30
2025-09-09,Gurugram,32.2,25.1,28.7,0.3,0.3,11.8,51,,2026-04-19 18:55:30,2026-04-19 18:55:30
2025-09-10,Gurugram,32.5,25.3,28.7,0.0,0.0,18.0,2,,2026-04-19 18:55:30,2026-04-19 18:55:30
2025-09-11,Gurugram,31.9,24.1,28.0,0.0,0.0,18.0,3,,2026-04-19 18:55:30,2026-04-19 18:55:30
2025-09-12,Gurugram,32.0,23.8,28.0,0.2,0.2,13.9,51,,2026-04-19 18:55:30,2026-04-19 18:55:30
2025-09-13,Gurugram,32.5,25.1,28.6,0.0,0.0,10.9,3,,2026-04-19 18:55:30,2026-04-19 18:55:30
2025-09-14,Gurugram,33.9,25.1,29.6,0.0,0.0,9.6,3,,2026-04-19 18:55:30,2026-04-19 18:55:30
2025-09-15,Gurugram,34.3,25.7,29.8,0.0,0.0,12.7,3,,2026-04-19 18:55:30,2026-04-19 18:55:30
2025-09-16,Gurugram,34.0,25.0,29.4,0.0,0.0,11.4,3,,2026-04-19 18:55:30,2026-04-19 18:55:30
2025-09-17,Gurugram,34.5,24.9,29.5,0.1,0.1,10.7,51,,2026-04-19 18:55:30,2026-04-19 18:55:30
2025-09-18,Gurugram,33.5,24.5,28.9,1.1,1.1,11.2,53,,2026-04-19 18:55:30,2026-04-19 18:55:30
2025-09-19,Gurugram,33.8,25.3,29.6,0.9,0.9,14.4,53,,2026-04-19 18:55:30,2026-04-19 18:55:30
2025-09-20,Gurugram,34.6,25.0,29.8,0.0,0.0,15.8,1,,2026-04-19 18:55:30,2026-04-19 18:55:30
2025-09-21,Gurugram,35.2,23.5,29.4,0.0,0.0,16.2,0,,2026-04-19 18:55:30,2026-04-19 18:55:30
2025-09-22,Gurugram,35.5,23.8,29.6,0.0,0.0,17.6,0,,2026-04-19 18:55:30,2026-04-19 18:55:30
2025-09-23,Gurugram,35.2,24.0,29.4,0.0,0.0,19.9,1,,2026-04-19 18:55:30,2026-04-19 18:55:30
2025-09-24,Gurugram,35.0,23.5,29.3,0.0,0.0,18.5,0,,2026-04-19 18:55:30,2026-04-19 18:55:30
2025-09-25,Gurugram,34.8,23.5,29.1,0.0,0.0,16.0,0,,2026-04-19 18:55:30,2026-04-19 18:55:30
2025-09-26,Gurugram,35.5,23.4,29.5,0.0,0.0,16.7,0,,2026-04-19 18:55:30,2026-04-19 18:55:30
2025-09-27,Gurugram,36.8,24.8,30.6,0.4,0.4,11.6,51,,2026-04-19 18:55:30,2026-04-19 18:55:30
2025-09-28,Gurugram,35.5,27.4,31.0,0.0,0.0,14.5,1,,2026-04-19 18:55:30,2026-04-19 18:55:30
2025-09-29,Gurugram,34.9,26.5,30.5,0.0,0.0,11.7,1,,2026-04-19 18:55:30,2026-04-19 18:55:30
2025-09-30,Gurugram,32.8,23.8,28.8,5.5,5.5,12.9,63,,2026-04-19 18:55:30,2026-04-19 18:55:30
2025-10-01,Gurugram,32.1,24.2,27.5,2.5,2.5,11.4,61,,2026-04-19 18:55:30,2026-04-19 18:55:30
2025-10-02,Gurugram,31.7,22.9,27.3,0.8,0.8,14.5,53,,2026-04-19 18:55:30,2026-04-19 18:55:30
2025-10-03,Gurugram,31.9,24.5,27.8,0.2,0.2,9.0,51,,2026-04-19 18:55:30,2026-04-19 18:55:30
2025-10-04,Gurugram,33.0,24.1,28.3,0.9,0.9,12.9,53,,2026-04-19 18:55:30,2026-04-19 18:55:30
2025-10-05,Gurugram,32.6,23.1,27.7,0.0,0.0,14.8,3,,2026-04-19 18:55:30,2026-04-19 18:55:30
2025-10-06,Gurugram,25.9,21.5,23.0,12.8,12.8,12.5,61,,2026-04-19 18:55:30,2026-04-19 18:55:30
2025-10-07,Gurugram,29.0,20.0,23.4,7.3,7.3,16.0,63,,2026-04-19 18:55:30,2026-04-19 18:55:30
2025-10-08,Gurugram,26.0,19.9,22.6,0.4,0.4,10.2,51,,2026-04-19 18:55:30,2026-04-19 18:55:30
2025-10-09,Gurugram,28.0,19.1,23.2,0.2,0.2,11.7,51,,2026-04-19 18:55:30,2026-04-19 18:55:30
2025-10-10,Gurugram,28.5,18.5,23.0,0.0,0.0,9.0,0,,2026-04-19 18:55:30,2026-04-19 18:55:30
2025-10-11,Gurugram,28.8,18.4,23.4,0.0,0.0,10.8,2,,2026-04-19 18:55:30,2026-04-19 18:55:30
2025-10-12,Gurugram,29.9,19.9,24.3,0.0,0.0,10.8,3,,2026-04-19 18:55:30,2026-04-19 18:55:30
2025-10-13,Gurugram,30.1,19.0,24.2,0.0,0.0,7.0,0,,2026-04-19 18:55:30,2026-04-19 18:55:30
2025-10-14,Gurugram,30.0,19.2,24.2,0.0,0.0,5.8,0,,2026-04-19 18:55:30,2026-04-19 18:55:30
2025-10-15,Gurugram,30.0,18.4,24.1,0.0,0.0,10.2,0,,2026-04-19 18:55:30,2026-04-19 18:55:30
2025-10-16,Gurugram,30.0,18.2,23.8,0.0,0.0,6.0,0,,2026-04-19 18:55:30,2026-04-19 18:55:30
2025-10-17,Gurugram,30.4,18.2,24.0,0.0,0.0,6.4,0,,2026-04-19 18:55:30,2026-04-19 18:55:30
2025-10-18,Gurugram,30.7,18.8,24.5,0.0,0.0,7.6,0,,2026-04-19 18:55:30,2026-04-19 18:55:30
2025-10-19,Gurugram,31.0,19.8,25.1,0.0,0.0,6.6,0,,2026-04-19 18:55:30,2026-04-19 18:55:30
2025-10-20,Gurugram,31.0,19.4,25.3,0.0,0.0,7.3,1,,2026-04-19 18:55:30,2026-04-19 18:55:30
2025-10-21,Gurugram,28.9,21.3,24.9,1.1,1.1,9.9,53,,2026-04-19 18:55:30,2026-04-19 18:55:30
2025-10-22,Gurugram,30.3,20.9,24.8,0.0,0.0,9.3,1,,2026-04-19 18:55:30,2026-04-19 18:55:30
2025-10-23,Gurugram,30.1,18.0,23.4,0.0,0.0,9.6,0,,2026-04-19 18:55:30,2026-04-19 18:55:30
2025-10-24,Gurugram,29.6,17.4,23.0,0.0,0.0,7.6,0,,2026-04-19 18:55:30,2026-04-19 18:55:30
2025-10-25,Gurugram,29.2,17.2,22.8,0.0,0.0,7.9,0,,2026-04-19 18:55:30,2026-04-19 18:55:30
2025-10-26,Gurugram,29.2,17.8,22.9,0.0,0.0,9.5,3,,2026-04-19 18:55:30,2026-04-19 18:55:30
2025-10-27,Gurugram,28.2,17.2,22.1,0.0,0.0,14.7,3,,2026-04-19 18:55:30,2026-04-19 18:55:30
2025-10-28,Gurugram,24.8,19.1,21.5,0.2,0.2,8.3,51,,2026-04-19 18:55:30,2026-04-19 18:55:30
2025-10-29,Gurugram,27.5,18.0,22.5,0.0,0.0,9.6,3,,2026-04-19 18:55:30,2026-04-19 18:55:30
2025-10-30,Gurugram,26.1,20.8,23.0,0.0,0.0,7.4,3,,2026-04-19 18:55:30,2026-04-19 18:55:30
2025-10-31,Gurugram,28.2,20.8,23.9,0.5,0.5,8.6,51,,2026-04-19 18:55:30,2026-04-19 18:55:30
2025-11-01,Gurugram,29.4,19.1,23.6,0.0,0.0,9.6,3,,2026-04-19 18:55:30,2026-04-19 18:55:30
2025-11-02,Gurugram,28.6,18.0,22.7,0.0,0.0,14.3,0,,2026-04-19 18:55:30,2026-04-19 18:55:30
2025-11-03,Gurugram,29.8,16.5,22.2,0.0,0.0,15.3,0,,2026-04-19 18:55:30,2026-04-19 18:55:30
2025-11-04,Gurugram,28.7,17.9,22.5,0.1,0.1,11.9,51,,2026-04-19 18:55:30,2026-04-19 18:55:30
2025-11-05,Gurugram,29.0,18.3,22.6,0.0,0.0,11.6,1,,2026-04-19 18:55:30,2026-04-19 18:55:30
2025-11-06,Gurugram,24.5,14.1,18.9,0.0,0.0,13.9,0,,2026-04-19 18:55:30,2026-04-19 18:55:30
2025-11-07,Gurugram,25.6,12.8,18.2,0.0,0.0,11.5,0,,2026-04-19 18:55:30,2026-04-19 18:55:30
2025-11-08,Gurugram,25.3,11.9,18.0,0.0,0.0,13.4,0,,2026-04-19 18:55:30,2026-04-19 18:55:30
2025-11-09,Gurugram,25.0,11.7,17.8,0.0,0.0,10.0,0,,2026-04-19 18:55:30,2026-04-19 18:55:30
2025-11-10,Gurugram,25.4,11.6,17.8,0.0,0.0,8.5,3,,2026-04-19 18:55:30,2026-04-19 18:55:30
2025-11-11,Gurugram,25.5,11.2,17.7,0.0,0.0,10.8,0,,2026-04-19 18:55:30,2026-04-19 18:55:30
2025-11-12,Gurugram,26.0,11.6,18.1,0.0,0.0,14.2,0,,2026-04-19 18:55:30,2026-04-19 18:55:30
2025-11-13,Gurugram,24.6,11.1,17.1,0.0,0.0,10.4,0,,2026-04-19 18:55:30,2026-04-19 18:55:30
2025-11-14,Gurugram,24.5,11.1,17.0,0.0,0.0,10.0,0,,2026-04-19 18:55:30,2026-04-19 18:55:30
2025-11-15,Gurugram,25.0,10.6,17.0,0.0,0.0,10.8,0,,2026-04-19 18:55:30,2026-04-19 18:55:30
2025-11-16,Gurugram,24.9,10.4,16.8,0.0,0.0,12.0,0,,2026-04-19 18:55:30,2026-04-19 18:55:30
2025-11-17,Gurugram,24.4,10.1,16.6,0.0,0.0,8.0,0,,2026-04-19 18:55:30,2026-04-19 18:55:30
2025-11-18,Gurugram,24.5,9.9,16.8,0.0,0.0,9.5,0,,2026-04-19 18:55:30,2026-04-19 18:55:30
2025-11-19,Gurugram,24.7,10.8,17.4,0.0,0.0,5.2,3,,2026-04-19 18:55:30,2026-04-19 18:55:30
2025-11-20,Gurugram,24.8,12.4,17.8,0.0,0.0,7.0,0,,2026-04-19 18:55:30,2026-04-19 18:55:30
2025-11-21,Gurugram,25.1,12.4,18.2,0.0,0.0,7.5,0,,2026-04-19 18:55:30,2026-04-19 18:55:30
2025-11-22,Gurugram,24.8,12.1,18.1,0.0,0.0,7.5,0,,2026-04-19 18:55:30,2026-04-19 18:55:30
2025-11-23,Gurugram,24.5,11.4,17.0,0.0,0.0,6.8,0,,2026-04-19 18:55:30,2026-04-19 18:55:30
2025-11-24,Gurugram,23.2,10.2,16.1,0.0,0.0,5.3,0,,2026-04-19 18:55:30,2026-04-19 18:55:30
2025-11-25,Gurugram,22.5,9.6,15.4,0.0,0.0,9.4,0,,2026-04-19 18:55:30,2026-04-19 18:55:30
2025-11-26,Gurugram,22.0,9.1,15.0,0.0,0.0,6.4,0,,2026-04-19 18:55:30,2026-04-19 18:55:30
2025-11-27,Gurugram,22.6,9.6,15.5,0.0,0.0,6.0,0,,2026-04-19 18:55:30,2026-04-19 18:55:30
2025-11-28,Gurugram,22.8,9.3,15.6,0.0,0.0,8.2,2,,2026-04-19 18:55:30,2026-04-19 18:55:30
2025-11-29,Gurugram,24.1,11.4,16.7,0.0,0.0,10.8,0,,2026-04-19 18:55:30,2026-04-19 18:55:30
2025-11-30,Gurugram,22.4,9.6,15.3,0.0,0.0,12.2,3,,2026-04-19 18:55:30,2026-04-19 18:55:30
2025-12-01,Gurugram,23.2,7.8,15.1,0.0,0.0,8.6,0,,2026-04-19 18:55:30,2026-04-19 18:55:30
2025-12-02,Gurugram,23.8,12.1,16.8,0.0,0.0,9.7,0,,2026-04-19 18:55:30,2026-04-19 18:55:30
2025-12-03,Gurugram,21.5,8.3,14.2,0.0,0.0,10.6,3,,2026-04-19 18:55:30,2026-04-19 18:55:30
2025-12-04,Gurugram,20.6,7.5,13.4,0.0,0.0,12.0,3,,2026-04-19 18:55:30,2026-04-19 18:55:30
2025-12-05,Gurugram,20.5,6.8,13.2,0.0,0.0,8.7,0,,2026-04-19 18:55:30,2026-04-19 18:55:30
2025-12-06,Gurugram,22.0,8.3,14.2,0.0,0.0,13.7,3,,2026-04-19 18:55:30,2026-04-19 18:55:30
2025-12-07,Gurugram,22.6,8.8,15.1,0.0,0.0,10.8,3,,2026-04-19 18:55:30,2026-04-19 18:55:30
2025-12-08,Gurugram,23.5,9.8,15.9,0.0,0.0,13.0,3,,2026-04-19 18:55:30,2026-04-19 18:55:30
2025-12-09,Gurugram,23.1,9.6,15.6,0.0,0.0,12.7,0,,2026-04-19 18:55:30,2026-04-19 18:55:30
2025-12-10,Gurugram,22.8,9.6,15.4,0.0,0.0,11.0,3,,2026-04-19 18:55:30,2026-04-19 18:55:30
2025-12-11,Gurugram,23.4,9.5,15.6,0.0,0.0,9.8,0,,2026-04-19 18:55:30,2026-04-19 18:55:30
2025-12-12,Gurugram,22.9,8.4,15.1,0.0,0.0,6.7,3,,2026-04-19 18:55:30,2026-04-19 18:55:30
2025-12-13,Gurugram,23.4,9.7,16.0,0.0,0.0,7.4,3,,2026-04-19 18:55:30,2026-04-19 18:55:30
2025-12-14,Gurugram,23.0,10.7,16.1,0.0,0.0,8.0,3,,2026-04-19 18:55:30,2026-04-19 18:55:30
2025-12-15,Gurugram,22.0,8.6,14.6,0.0,0.0,10.4,3,,2026-04-19 18:55:30,2026-04-19 18:55:30
2025-12-16,Gurugram,21.9,9.6,15.1,0.0,0.0,13.7,0,,2026-04-19 18:55:30,2026-04-19 18:55:30
2025-12-17,Gurugram,22.5,9.9,15.4,0.0,0.0,11.4,0,,2026-04-19 18:55:30,2026-04-19 18:55:30
2025-12-18,Gurugram,21.0,9.2,14.6,0.0,0.0,9.6,3,,2026-04-19 18:55:30,2026-04-19 18:55:30
2025-12-19,Gurugram,20.4,9.4,13.9,0.0,0.0,8.3,3,,2026-04-19 18:55:30,2026-04-19 18:55:30
2025-12-20,Gurugram,21.2,8.2,14.1,0.0,0.0,11.0,3,,2026-04-19 18:55:30,2026-04-19 18:55:30
2025-12-21,Gurugram,19.5,10.4,13.7,0.0,0.0,9.4,3,,2026-04-19 18:55:30,2026-04-19 18:55:30
2025-12-22,Gurugram,20.4,10.9,14.4,0.0,0.0,8.3,3,,2026-04-19 18:55:30,2026-04-19 18:55:30
2025-12-23,Gurugram,21.8,10.2,14.9,0.0,0.0,12.5,3,,2026-04-19 18:55:30,2026-04-19 18:55:30
2025-12-24,Gurugram,19.9,9.9,14.4,0.0,0.0,14.1,0,,2026-04-19 18:55:30,2026-04-19 18:55:30
2025-12-25,Gurugram,19.7,7.8,13.2,0.0,0.0,8.8,3,,2026-04-19 18:55:30,2026-04-19 18:55:30
2025-12-26,Gurugram,19.9,8.1,13.3,0.0,0.0,9.5,3,,2026-04-19 18:55:30,2026-04-19 18:55:30
2025-12-27,Gurugram,19.4,7.8,12.9,0.0,0.0,8.2,3,,2026-04-19 18:55:30,2026-04-19 18:55:30
2025-12-28,Gurugram,19.5,6.6,12.8,0.0,0.0,6.5,3,,2026-04-19 18:55:30,2026-04-19 18:55:30
2025-12-29,Gurugram,18.7,7.3,12.1,0.0,0.0,5.4,3,,2026-04-19 18:55:30,2026-04-19 18:55:30
2025-12-30,Gurugram,19.4,7.7,12.7,0.0,0.0,7.3,3,,2026-04-19 18:55:30,2026-04-19 18:55:30
2025-12-31,Gurugram,18.9,7.8,12.3,0.0,0.0,13.7,3,,2026-04-19 18:55:30,2026-04-19 18:55:30
2026-01-01,Gurugram,16.5,9.9,12.7,0.1,0.1,12.3,51,,2026-04-19 18:55:30,2026-04-19 18:55:30
2026-01-02,Gurugram,16.7,9.0,13.0,0.0,0.0,12.1,3,,2026-04-19 18:55:30,2026-04-19 18:55:30
2026-01-03,Gurugram,16.0,8.2,11.7,0.1,0.1,8.7,51,,2026-04-19 18:55:30,2026-04-19 18:55:30
2026-01-04,Gurugram,16.3,6.7,11.2,0.0,0.0,10.2,3,,2026-04-19 18:55:30,2026-04-19 18:55:30
2026-01-05,Gurugram,16.5,6.3,11.2,0.0,0.0,8.8,3,,2026-04-19 18:55:30,2026-04-19 18:55:30
2026-01-06,Gurugram,16.5,6.9,10.9,0.0,0.0,11.2,3,,2026-04-19 18:55:30,2026-04-19 18:55:30
2026-01-07,Gurugram,14.8,6.6,9.8,0.0,0.0,10.7,3,,2026-04-19 18:55:30,2026-04-19 18:55:30
2026-01-08,Gurugram,13.7,6.8,9.3,0.0,0.0,9.8,3,,2026-04-19 18:55:30,2026-04-19 18:55:30
2026-01-09,Gurugram,17.3,6.8,11.1,0.1,0.1,9.4,51,,2026-04-19 18:55:30,2026-04-19 18:55:30
2026-01-10,Gurugram,16.4,5.9,10.3,0.0,0.0,10.1,3,,2026-04-19 18:55:30,2026-04-19 18:55:30
2026-01-11,Gurugram,15.8,4.3,9.4,0.0,0.0,11.5,3,,2026-04-19 18:55:30,2026-04-19 18:55:30
2026-01-12,Gurugram,16.5,2.1,9.2,0.0,0.0,9.3,3,,2026-04-19 18:55:30,2026-04-19 18:55:30
2026-01-13,Gurugram,18.2,3.3,10.5,0.0,0.0,9.5,3,,2026-04-19 18:55:30,2026-04-19 18:55:30
2026-01-14,Gurugram,16.6,4.1,9.6,0.0,0.0,9.9,3,,2026-04-19 18:55:30,2026-04-19 18:55:30
2026-01-15,Gurugram,17.0,4.0,9.8,0.0,0.0,10.9,3,,2026-04-19 18:55:30,2026-04-19 18:55:30
2026-01-16,Gurugram,20.0,4.6,11.7,0.0,0.0,9.2,3,,2026-04-19 18:55:30,2026-04-19 18:55:30
2026-01-17,Gurugram,21.8,7.4,13.7,0.0,0.0,8.0,3,,2026-04-19 18:55:30,2026-04-19 18:55:30
2026-01-18,Gurugram,21.0,8.1,14.1,0.0,0.0,10.2,3,,2026-04-19 18:55:30,2026-04-19 18:55:30
2026-01-19,Gurugram,23.2,10.6,16.0,0.0,0.0,11.4,3,,2026-04-19 18:55:30,2026-04-19 18:55:30
2026-01-20,Gurugram,23.2,8.6,15.4,0.0,0.0,8.0,1,,2026-04-19 18:55:30,2026-04-19 18:55:30
2026-01-21,Gurugram,22.0,8.2,14.6,0.0,0.0,9.2,3,,2026-04-19 18:55:30,2026-04-19 18:55:30
2026-01-22,Gurugram,23.8,7.3,15.7,0.0,0.0,20.4,3,,2026-04-19 18:55:30,2026-04-19 18:55:30
2026-01-23,Gurugram,17.6,11.6,15.0,21.3,21.3,22.9,65,,2026-04-19 18:55:30,2026-04-19 18:55:30
2026-01-24,Gurugram,15.9,6.8,10.9,0.0,0.0,14.1,3,,2026-04-19 18:55:30,2026-04-19 18:55:30
2026-01-25,Gurugram,15.6,5.0,9.9,0.0,0.0,12.6,3,,2026-04-19 18:55:30,2026-04-19 18:55:30
2026-01-26,Gurugram,18.5,4.2,11.2,0.0,0.0,8.1,3,,2026-04-19 18:55:30,2026-04-19 18:55:30
2026-01-27,Gurugram,19.8,10.9,14.3,10.8,10.8,18.7,63,,2026-04-19 18:55:30,2026-04-19 18:55:30
2026-01-28,Gurugram,18.4,10.4,13.8,0.2,0.2,11.4,51,,2026-04-19 18:55:30,2026-04-19 18:55:30
2026-01-29,Gurugram,18.0,9.0,12.4,0.0,0.0,10.8,3,,2026-04-19 18:55:30,2026-04-19 18:55:30
2026-01-30,Gurugram,19.0,7.2,12.7,0.0,0.0,7.9,3,,2026-04-19 18:55:30,2026-04-19 18:55:30
2026-01-31,Gurugram,20.0,7.6,13.7,0.0,0.0,14.4,3,,2026-04-19 18:55:30,2026-04-19 18:55:30
2026-02-01,Gurugram,20.4,11.9,15.6,45.5,45.5,16.5,65,,2026-04-19 18:55:30,2026-04-19 18:55:30
2026-02-02,Gurugram,19.4,11.2,14.2,0.0,0.0,10.5,3,,2026-04-19 18:55:30,2026-04-19 18:55:30
2026-02-03,Gurugram,19.5,8.9,13.7,0.0,0.0,7.1,3,,2026-04-19 18:55:30,2026-04-19 18:55:30
2026-02-04,Gurugram,19.9,9.4,14.1,0.0,0.0,12.1,3,,2026-04-19 18:55:30,2026-04-19 18:55:30
2026-02-05,Gurugram,20.8,9.1,14.3,0.0,0.0,14.3,1,,2026-04-19 18:55:30,2026-04-19 18:55:30
2026-02-06,Gurugram,22.2,9.0,15.1,0.0,0.0,15.9,0,,2026-04-19 18:55:30,2026-04-19 18:55:30
2026-02-07,Gurugram,22.8,10.6,16.1,0.0,0.0,16.6,3,,2026-04-19 18:55:30,2026-04-19 18:55:30
2026-02-08,Gurugram,21.8,9.9,15.5,0.0,0.0,12.7,3,,2026-04-19 18:55:30,2026-04-19 18:55:30
2026-02-09,Gurugram,23.5,9.4,16.1,0.0,0.0,11.0,3,,2026-04-19 18:55:30,2026-04-19 18:55:30
2026-02-10,Gurugram,25.4,11.4,18.0,0.0,0.0,11.7,3,,2026-04-19 18:55:30,2026-04-19 18:55:30
2026-02-11,Gurugram,25.5,13.0,19.1,0.0,0.0,12.3,3,,2026-04-19 18:55:30,2026-04-19 18:55:30
2026-02-12,Gurugram,23.4,10.8,17.0,0.0,0.0,13.3,3,,2026-04-19 18:55:30,2026-04-19 18:55:30
2026-02-13,Gurugram,23.5,10.4,16.7,0.0,0.0,10.4,3,,2026-04-19 18:55:30,2026-04-19 18:55:30
2026-02-14,Gurugram,25.2,10.2,17.6,0.0,0.0,12.1,3,,2026-04-19 18:55:30,2026-04-19 18:55:30
2026-02-15,Gurugram,26.4,11.9,18.7,0.0,0.0,13.7,0,,2026-04-19 18:55:30,2026-04-19 18:55:30
2026-02-16,Gurugram,29.0,11.4,20.1,0.0,0.0,13.5,1,,2026-04-19 18:55:30,2026-04-19 18:55:30
2026-02-17,Gurugram,28.3,15.4,21.0,0.0,0.0,15.2,0,,2026-04-19 18:55:30,2026-04-19 18:55:30
2026-02-18,Gurugram,22.7,14.1,17.5,0.6,0.6,10.7,51,,2026-04-19 18:55:30,2026-04-19 18:55:30
2026-02-19,Gurugram,25.0,12.4,17.8,0.1,0.1,8.0,51,,2026-04-19 18:55:30,2026-04-19 18:55:30
2026-02-20,Gurugram,25.5,12.9,18.9,0.0,0.0,10.3,3,,2026-04-19 18:55:30,2026-04-19 18:55:30
2026-02-21,Gurugram,25.3,13.0,18.6,0.0,0.0,11.9,0,,2026-04-19 18:55:30,2026-04-19 18:55:30
2026-02-22,Gurugram,26.5,13.3,19.5,0.0,0.0,9.3,0,,2026-04-19 18:55:30,2026-04-19 18:55:30
2026-02-23,Gurugram,27.4,13.8,20.3,0.0,0.0,8.6,0,,2026-04-19 18:55:30,2026-04-19 18:55:30
2026-02-24,Gurugram,26.8,13.1,20.0,0.0,0.0,10.6,0,,2026-04-19 18:55:30,2026-04-19 18:55:30
2026-02-25,Gurugram,27.1,12.8,20.0,0.0,0.0,12.0,0,,2026-04-19 18:55:30,2026-04-19 18:55:30
2026-02-26,Gurugram,27.5,12.9,19.8,0.0,0.0,13.2,0,,2026-04-19 18:55:30,2026-04-19 18:55:30
2026-02-27,Gurugram,29.0,13.6,20.9,0.0,0.0,9.5,3,,2026-04-19 18:55:30,2026-04-19 18:55:30
2026-02-28,Gurugram,30.0,16.6,22.9,0.0,0.0,10.7,3,,2026-04-19 18:55:30,2026-04-19 18:55:30
2026-03-01,Gurugram,28.3,14.1,21.0,0.0,0.0,15.5,0,,2026-04-19 18:55:30,2026-04-19 18:55:30
2026-03-02,Gurugram,28.8,14.6,21.4,0.0,0.0,16.0,0,,2026-04-19 18:55:30,2026-04-19 18:55:30
2026-03-03,Gurugram,29.7,14.3,21.7,0.0,0.0,18.3,0,,2026-04-19 18:55:30,2026-04-19 18:55:30
2026-03-04,Gurugram,31.1,15.4,23.0,0.0,0.0,17.4,0,,2026-04-19 18:55:30,2026-04-19 18:55:30
2026-03-05,Gurugram,31.7,17.6,24.3,0.0,0.0,15.9,0,,2026-04-19 18:55:30,2026-04-19 18:55:30
2026-03-06,Gurugram,31.9,17.0,23.8,0.0,0.0,9.6,0,,2026-04-19 18:55:30,2026-04-19 18:55:30
2026-03-07,Gurugram,33.0,18.4,25.1,0.0,0.0,10.4,0,,2026-04-19 18:55:30,2026-04-19 18:55:30
2026-03-08,Gurugram,33.5,18.1,25.6,0.0,0.0,11.7,2,,2026-04-19 18:55:30,2026-04-19 18:55:30
2026-03-09,Gurugram,33.0,18.0,25.4,0.0,0.0,12.7,3,,2026-04-19 18:55:30,2026-04-19 18:55:30
2026-03-10,Gurugram,32.5,18.0,25.3,0.0,0.0,10.2,2,,2026-04-19 18:55:30,2026-04-19 18:55:30
2026-03-11,Gurugram,35.0,18.1,26.2,0.0,0.0,13.9,3,,2026-04-19 18:55:30,2026-04-19 18:55:30
2026-03-12,Gurugram,34.6,18.2,25.7,0.0,0.0,14.9,3,,2026-04-19 18:55:30,2026-04-19 18:55:30
2026-03-13,Gurugram,30.0,18.9,24.5,0.0,0.0,15.5,3,,2026-04-19 18:55:30,2026-04-19 18:55:30
2026-03-14,Gurugram,30.6,18.2,24.0,0.0,0.0,11.6,3,,2026-04-19 18:55:30,2026-04-19 18:55:30
2026-03-15,Gurugram,27.4,16.8,22.3,8.0,8.0,21.1,63,,2026-04-19 18:55:30,2026-04-19 18:55:30
2026-03-16,Gurugram,30.2,17.1,22.9,0.0,0.0,21.9,3,,2026-04-19 18:55:30,2026-04-19 18:55:30
2026-03-17,Gurugram,29.2,16.2,22.2,0.0,0.0,12.6,3,,2026-04-19 18:55:30,2026-04-19 18:55:30
2026-03-18,Gurugram,30.4,17.2,22.1,4.5,4.5,18.9,61,,2026-04-19 18:55:30,2026-04-19 18:55:30
2026-03-19,Gurugram,28.0,17.6,21.6,2.4,2.4,18.1,55,,2026-04-19 18:55:30,2026-04-19 18:55:30
2026-03-20,Gurugram,21.1,15.6,17.7,4.6,4.6,13.0,63,,2026-04-19 18:55:30,2026-04-19 18:55:30
2026-03-21,Gurugram,25.4,13.6,19.4,0.0,0.0,11.2,3,,2026-04-19 18:55:30,2026-04-19 18:55:30
2026-03-22,Gurugram,27.1,15.2,21.2,0.0,0.0,14.2,3,,2026-04-19 18:55:30,2026-04-19 18:55:30
2026-03-23,Gurugram,27.1,18.0,22.0,0.8,0.8,16.2,51,,2026-04-19 18:55:30,2026-04-19 18:55:30
2026-03-24,Gurugram,29.2,16.6,22.8,0.0,0.0,14.3,3,,2026-04-19 18:55:30,2026-04-19 18:55:30
2026-03-25,Gurugram,30.3,16.2,23.5,0.0,0.0,11.0,3,,2026-04-19 18:55:30,2026-04-19 18:55:30
2026-03-26,Gurugram,33.0,19.0,25.7,0.0,0.0,12.4,3,,2026-04-19 18:55:30,2026-04-19 18:55:30
2026-03-27,Gurugram,28.4,19.9,23.9,0.0,0.0,14.0,3,,2026-04-19 18:55:30,2026-04-19 18:55:30
2026-03-28,Gurugram,31.2,18.5,25.0,0.0,0.0,12.6,3,,2026-04-19 18:55:30,2026-04-19 18:55:30
2026-03-29,Gurugram,33.3,20.8,26.6,0.0,0.0,15.2,3,,2026-04-19 18:55:30,2026-04-19 18:55:30
2026-03-30,Gurugram,33.9,20.5,25.2,0.1,0.1,25.8,51,,2026-04-19 18:55:30,2026-04-19 18:55:30
2026-03-31,Gurugram,32.0,18.8,24.0,2.7,2.7,12.4,55,,2026-04-19 18:55:30,2026-04-19 18:55:30
2026-04-01,Gurugram,31.8,18.2,25.6,0.0,0.0,14.3,3,,2026-04-19 18:55:30,2026-04-19 18:55:30
2026-04-02,Gurugram,33.6,22.1,27.5,0.0,0.0,13.2,3,,2026-04-19 18:55:30,2026-04-19 18:55:30
2026-04-03,Gurugram,31.0,20.2,24.4,2.0,2.0,19.3,53,,2026-04-19 18:55:30,2026-04-19 18:55:30
2026-04-04,Gurugram,29.3,19.5,23.6,1.5,1.5,10.7,55,,2026-04-19 18:55:30,2026-04-19 18:55:30
2026-04-05,Gurugram,29.4,18.6,24.0,0.0,0.0,18.0,3,,2026-04-19 18:55:30,2026-04-19 18:55:30
2026-04-06,Gurugram,30.6,18.8,24.7,0.0,0.0,13.9,3,,2026-04-19 18:55:30,2026-04-19 18:55:30
2026-04-07,Gurugram,29.5,17.5,22.1,6.4,6.4,20.2,63,,2026-04-19 18:55:30,2026-04-19 18:55:30
2026-04-08,Gurugram,25.6,16.6,20.4,3.5,3.5,15.0,61,,2026-04-19 18:55:30,2026-04-19 18:55:30
2026-04-09,Gurugram,28.2,16.1,22.3,0.0,0.0,14.9,1,,2026-04-19 18:55:30,2026-04-19 18:55:30
2026-04-10,Gurugram,30.5,16.7,23.8,0.0,0.0,22.0,0,,2026-04-19 18:55:30,2026-04-19 18:55:30
2026-04-11,Gurugram,31.6,19.6,25.9,0.0,0.0,13.7,2,,2026-04-19 18:55:30,2026-04-19 18:55:30
2026-04-12,Gurugram,32.7,20.4,26.7,0.0,0.0,17.7,1,,2026-04-19 18:55:30,2026-04-19 18:55:30
2026-04-13,Gurugram,33.5,19.8,26.8,0.0,0.0,15.7,3,"{""time"": [""2026-04-13"", ""2026-04-14"", ""2026-04-15"", ""2026-04-16"", ""2026-04-17"", ""2026-04-18"", ""2026-04-19""], ""temperature_2m_max"": [34.8, 36.5, 39.0, 39.1, 38.1, 39.4, 38.8], ""temperature_2m_min"": [17.4, 18.7, 21.0, 21.3, 23.8, 22.4, 21.4], ""precipitation_sum"": [0.0, 0.0, 0.0, 0.0, 0.2, 0.0, 0.1], ""weather_code"": [3, 3, 2, 3, 3, 3, 3]}",2026-04-19 18:55:30,2026-04-19 18:55:31
2026-04-14,Gurugram,36.0,21.2,29.1,0.0,0.0,14.9,1,"{""time"": [""2026-04-14"", ""2026-04-15"", ""2026-04-16"", ""2026-04-17"", ""2026-04-18"", ""2026-04-19"", ""2026-04-20""], ""temperature_2m_max"": [36.5, 39.0, 39.1, 38.1, 39.4, 38.8, 39.6], ""temperature_2m_min"": [18.7, 21.0, 21.3, 23.8, 22.4, 21.4, 20.8], ""precipitation_sum"": [0.0, 0.0, 0.0, 0.2, 0.0, 0.1, 0.0], ""weather_code"": [3, 2, 3, 3, 3, 3, 1]}",2026-04-21 17:35:35,2026-04-21 17:35:37
2026-04-15,Gurugram,37.5,21.8,29.7,0.0,0.0,15.8,1,"{""time"": [""2026-04-15"", ""2026-04-16"", ""2026-04-17"", ""2026-04-18"", ""2026-04-19"", ""2026-04-20"", ""2026-04-21""], ""temperature_2m_max"": [39.0, 39.1, 38.1, 39.4, 38.8, 39.6, 38.8], ""temperature_2m_min"": [21.0, 21.3, 23.8, 22.4, 21.4, 20.8, 21.8], ""precipitation_sum"": [0.0, 0.0, 0.2, 0.0, 0.1, 0.0, 0.0], ""weather_code"": [2, 3, 3, 3, 3, 1, 1]}",2026-04-22 05:04:59,2026-04-22 05:05:00
2026-04-16,Gurugram,39.0,22.2,30.6,0.0,0.0,11.9,3,"{""time"": [""2026-04-16"", ""2026-04-17"", ""2026-04-18"", ""2026-04-19"", ""2026-04-20"", ""2026-04-21"", ""2026-04-22""], ""temperature_2m_max"": [39.1, 38.1, 39.4, 38.8, 39.6, 38.8, 39.0], ""temperature_2m_min"": [21.3, 23.8, 22.4, 21.4, 20.8, 21.8, 21.9], ""precipitation_sum"": [0.0, 0.2, 0.0, 0.1, 0.0, 0.0, 0.0], ""weather_code"": [3, 3, 3, 3, 1, 1, 3]}",2026-04-22 05:04:59,2026-04-22 05:05:01
2026-04-17,Gurugram,38.5,23.3,30.8,0.0,0.0,24.1,3,"{""time"": [""2026-04-17"", ""2026-04-18"", ""2026-04-19"", ""2026-04-20"", ""2026-04-21"", ""2026-04-22"", ""2026-04-23""], ""temperature_2m_max"": [38.1, 39.4, 38.8, 39.6, 38.8, 39.0, 40.1], ""temperature_2m_min"": [23.8, 22.4, 21.4, 20.8, 21.8, 21.9, 21.5], ""precipitation_sum"": [0.2, 0.0, 0.1, 0.0, 0.0, 0.0, 0.0], ""weather_code"": [3, 3, 3, 1, 1, 3, 3]}",2026-04-22 05:04:59,2026-04-22 05:05:02
2026-04-18,Gurugram,38.8,21.7,30.5,0.0,0.0,11.8,3,"{""time"": [""2026-04-18"", ""2026-04-19"", ""2026-04-20"", ""2026-04-21"", ""2026-04-22"", ""2026-04-23"", ""2026-04-24""], ""temperature_2m_max"": [38.8, 39.2, 38.3, 38.1, 39.5, 40.4, 40.8], ""temperature_2m_min"": [21.7, 23.1, 23.8, 22.5, 22.6, 25.1, 25.0], ""precipitation_sum"": [0.0, 0.0, 0.0, 0.0, 0.0, 0.0, 0.0], ""weather_code"": [3, 3, 3, 1, 2, 0, 3]}",2026-04-25 18:29:55,2026-04-25 18:29:56
2026-04-19,Gurugram,39.2,23.1,31.1,0.0,0.0,15.6,3,"{""time"": [""2026-04-19"", ""2026-04-20"", ""2026-04-21"", ""2026-04-22"", ""2026-04-23"", ""2026-04-24"", ""2026-04-25""], ""temperature_2m_max"": [39.2, 38.3, 38.1, 39.5, 40.4, 40.8, 41.2], ""temperature_2m_min"": [23.1, 23.8, 22.5, 22.6, 25.1, 25.0, 26.8], ""precipitation_sum"": [0.0, 0.0, 0.0, 0.0, 0.0, 0.0, 0.0], ""weather_code"": [3, 3, 1, 2, 0, 3, 3]}",2026-04-25 18:29:55,2026-04-25 18:29:56
2026-04-20,Gurugram,38.3,23.8,31.1,0.0,0.0,18.6,3,"{""time"": [""2026-04-20"", ""2026-04-21"", ""2026-04-22"", ""2026-04-23"", ""2026-04-24"", ""2026-04-25"", ""2026-04-26""], ""temperature_2m_max"": [38.3, 38.1, 39.5, 40.4, 40.8, 41.2, 40.5], ""temperature_2m_min"": [23.8, 22.5, 22.6, 25.1, 25.0, 26.8, 26.2], ""precipitation_sum"": [0.0, 0.0, 0.0, 0.0, 0.0, 0.0, 0.0], ""weather_code"": [3, 1, 2, 0, 3, 3, 3]}",2026-04-27 11:03:36,2026-04-27 11:03:37
2026-04-21,Gurugram,38.1,22.5,30.9,0.0,0.0,19.8,1,"{""time"": [""2026-04-21"", ""2026-04-22"", ""2026-04-23"", ""2026-04-24"", ""2026-04-25"", ""2026-04-26"", ""2026-04-27""], ""temperature_2m_max"": [38.1, 39.5, 40.4, 40.8, 41.2, 40.5, 40.9], ""temperature_2m_min"": [22.5, 22.6, 25.1, 25.0, 26.8, 26.2, 26.8], ""precipitation_sum"": [0.0, 0.0, 0.0, 0.0, 0.0, 0.0, 0.0], ""weather_code"": [1, 2, 0, 3, 3, 3, 3]}",2026-04-28 11:23:46,2026-04-28 11:23:47
2026-04-22,Gurugram,39.5,22.6,31.5,0.0,0.0,17.5,2,"{""time"": [""2026-04-22"", ""2026-04-23"", ""2026-04-24"", ""2026-04-25"", ""2026-04-26"", ""2026-04-27"", ""2026-04-28""], ""temperature_2m_max"": [39.5, 40.4, 40.8, 41.2, 40.5, 40.9, 39.2], ""temperature_2m_min"": [22.6, 25.1, 25.0, 26.8, 26.2, 26.8, 27.8], ""precipitation_sum"": [0.0, 0.0, 0.0, 0.0, 0.0, 0.0, 2.1], ""weather_code"": [2, 0, 3, 3, 3, 3, 80]}",2026-04-29 15:54:15,2026-04-29 15:54:16
2026-04-23,Gurugram,40.4,25.1,32.4,0.0,0.0,14.0,0,"{""time"": [""2026-04-23"", ""2026-04-24"", ""2026-04-25"", ""2026-04-26"", ""2026-04-27"", ""2026-04-28"", ""2026-04-29""], ""temperature_2m_max"": [40.4, 40.8, 41.2, 40.5, 40.9, 39.2, 36.5], ""temperature_2m_min"": [25.1, 25.0, 26.8, 26.2, 26.8, 27.8, 25.5], ""precipitation_sum"": [0.0, 0.0, 0.0, 0.0, 0.0, 2.1, 0.0], ""weather_code"": [0, 3, 3, 3, 3, 80, 3]}",2026-04-29 15:54:15,2026-04-29 15:54:17
2026-04-24,Gurugram,40.8,25.0,32.9,0.0,0.0,12.3,3,"{""time"": [""2026-04-24"", ""2026-04-25"", ""2026-04-26"", ""2026-04-27"", ""2026-04-28"", ""2026-04-29"", ""2026-04-30""], ""temperature_2m_max"": [40.8, 41.2, 40.5, 40.9, 39.2, 36.5, 37.4], ""temperature_2m_min"": [25.0, 26.8, 26.2, 26.8, 27.8, 25.5, 24.5], ""precipitation_sum"": [0.0, 0.0, 0.0, 0.0, 2.1, 0.0, 0.0], ""weather_code"": [3, 3, 3, 3, 80, 3, 2]}",2026-05-01 09:12:55,2026-05-01 09:12:56
2026-04-25,Gurugram,41.2,26.8,34.0,0.0,0.0,21.3,3,"{""time"": [""2026-04-25"", ""2026-04-26"", ""2026-04-27"", ""2026-04-28"", ""2026-04-29"", ""2026-04-30"", ""2026-05-01""], ""temperature_2m_max"": [41.2, 40.5, 40.9, 39.2, 36.5, 37.4, 36.2], ""temperature_2m_min"": [26.8, 26.2, 26.8, 27.8, 25.5, 24.5, 22.1], ""precipitation_sum"": [0.0, 0.0, 0.0, 2.1, 0.0, 0.0, 0.0], ""weather_code"": [3, 3, 3, 80, 3, 2, 3]}",2026-05-01 19:01:15,2026-05-01 19:01:16
2026-04-26,Gurugram,40.5,26.2,33.8,0.0,0.0,21.9,3,"{""time"": [""2026-04-26"", ""2026-04-27"", ""2026-04-28"", ""2026-04-29"", ""2026-04-30"", ""2026-05-01"", ""2026-05-02""], ""temperature_2m_max"": [40.5, 40.9, 39.2, 36.5, 37.4, 36.2, 37.0], ""temperature_2m_min"": [26.2, 26.8, 27.8, 25.5, 24.5, 22.1, 25.3], ""precipitation_sum"": [0.0, 0.0, 2.1, 0.0, 0.0, 0.0, 0.0], ""weather_code"": [3, 3, 80, 3, 2, 3, 3]}",2026-05-03 18:12:36,2026-05-03 18:12:44
2026-04-27,Gurugram,40.9,26.8,34.1,0.0,0.0,30.1,3,"{""time"": [""2026-04-27"", ""2026-04-28"", ""2026-04-29"", ""2026-04-30"", ""2026-05-01"", ""2026-05-02"", ""2026-05-03""], ""temperature_2m_max"": [40.9, 39.2, 36.5, 37.4, 36.2, 37.0, 35.2], ""temperature_2m_min"": [26.8, 27.8, 25.5, 24.5, 22.1, 25.3, 24.4], ""precipitation_sum"": [0.0, 2.1, 0.0, 0.0, 0.0, 0.0, 0.0], ""weather_code"": [3, 80, 3, 2, 3, 3, 3]}",2026-05-04 07:31:14,2026-05-04 07:31:15
2026-04-28,Gurugram,39.2,27.8,31.5,2.1,2.1,15.2,61,"{""time"": [""2026-04-28"", ""2026-04-29"", ""2026-04-30"", ""2026-05-01"", ""2026-05-02"", ""2026-05-03"", ""2026-05-04""], ""temperature_2m_max"": [39.2, 36.5, 37.4, 36.2, 37.0, 35.2, 30.6], ""temperature_2m_min"": [27.8, 25.5, 24.5, 22.1, 25.3, 24.4, 20.6], ""precipitation_sum"": [2.1, 0.0, 0.0, 0.0, 0.0, 0.0, 3.2], ""weather_code"": [80, 3, 2, 3, 3, 3, 61]}",2026-05-05 18:18:09,2026-05-05 18:18:10
2026-04-29,Gurugram,36.5,25.5,31.2,0.0,0.0,13.3,3,"{""time"": [""2026-04-29"", ""2026-04-30"", ""2026-05-01"", ""2026-05-02"", ""2026-05-03"", ""2026-05-04"", ""2026-05-05""], ""temperature_2m_max"": [36.5, 37.4, 36.2, 37.0, 35.2, 30.6, 30.6], ""temperature_2m_min"": [25.5, 24.5, 22.1, 25.3, 24.4, 20.6, 22.1], ""precipitation_sum"": [0.0, 0.0, 0.0, 0.0, 0.0, 3.2, 0.7], ""weather_code"": [3, 2, 3, 3, 3, 61, 53]}",2026-05-05 18:18:09,2026-05-05 18:18:11
2026-04-30,Gurugram,37.4,24.5,30.2,0.0,0.0,18.5,2,"{""time"": [""2026-04-30"", ""2026-05-01"", ""2026-05-02"", ""2026-05-03"", ""2026-05-04"", ""2026-05-05"", ""2026-05-06""], ""temperature_2m_max"": [37.4, 36.2, 37.0, 35.2, 30.6, 30.6, 34.0], ""temperature_2m_min"": [24.5, 22.1, 25.3, 24.4, 20.6, 22.2, 20.9], ""precipitation_sum"": [0.0, 0.0, 0.0, 0.0, 3.2, 0.7, 0.0], ""weather_code"": [2, 3, 3, 3, 61, 53, 2]}",2026-05-06 19:31:28,2026-05-06 19:31:29
2026-05-01,Gurugram,36.2,22.1,28.9,0.0,0.0,15.2,3,"{""time"": [""2026-05-01"", ""2026-05-02"", ""2026-05-03"", ""2026-05-04"", ""2026-05-05"", ""2026-05-06"", ""2026-05-07""], ""temperature_2m_max"": [36.2, 37.0, 35.2, 30.6, 30.6, 34.0, 35.5], ""temperature_2m_min"": [22.1, 25.3, 24.4, 20.6, 22.2, 20.9, 23.5], ""precipitation_sum"": [0.0, 0.0, 0.0, 3.2, 0.7, 0.0, 0.0], ""weather_code"": [3, 3, 3, 61, 53, 2, 2]}",2026-05-06 19:31:28,2026-05-06 19:31:30
2026-05-02,Gurugram,37.0,25.3,30.9,0.0,0.0,18.0,3,"{""time"": [""2026-05-02"", ""2026-05-03"", ""2026-05-04"", ""2026-05-05"", ""2026-05-06"", ""2026-05-07"", ""2026-05-08""], ""temperature_2m_max"": [37.0, 35.2, 30.6, 30.6, 34.0, 32.7, 34.2], ""temperature_2m_min"": [25.3, 24.4, 20.6, 22.2, 20.9, 22.8, 21.9], ""precipitation_sum"": [0.0, 0.0, 3.2, 0.7, 0.0, 0.1, 0.1], ""weather_code"": [3, 3, 61, 53, 2, 51, 51]}",2026-05-09 17:29:35,2026-05-09 17:29:36
2026-05-03,Gurugram,35.2,24.4,30.0,0.0,0.0,21.1,3,"{""time"": [""2026-05-03"", ""2026-05-04"", ""2026-05-05"", ""2026-05-06"", ""2026-05-07"", ""2026-05-08"", ""2026-05-09""], ""temperature_2m_max"": [35.2, 30.6, 30.6, 34.0, 32.7, 34.2, 35.2], ""temperature_2m_min"": [24.4, 20.6, 22.2, 20.9, 22.8, 21.9, 23.6], ""precipitation_sum"": [0.0, 3.2, 0.7, 0.0, 0.1, 0.1, 0.0], ""weather_code"": [3, 61, 53, 2, 51, 51, 2]}",2026-05-10 17:37:16,2026-05-10 17:37:17
2026-05-04,Gurugram,30.6,20.6,26.0,3.2,3.2,22.0,61,"{""time"": [""2026-05-04"", ""2026-05-05"", ""2026-05-06"", ""2026-05-07"", ""2026-05-08"", ""2026-05-09"", ""2026-05-10""], ""temperature_2m_max"": [30.6, 30.6, 34.0, 32.7, 34.2, 35.2, 36.0], ""temperature_2m_min"": [20.6, 22.2, 20.9, 22.8, 21.9, 23.6, 24.9], ""precipitation_sum"": [3.2, 0.7, 0.0, 0.1, 0.1, 0.0, 0.0], ""weather_code"": [61, 53, 2, 51, 51, 2, 2]}",2026-05-11 09:56:25,2026-05-11 09:56:26
2026-05-05,Gurugram,30.6,22.2,26.5,0.7,0.7,12.9,53,"{""time"": [""2026-05-05"", ""2026-05-06"", ""2026-05-07"", ""2026-05-08"", ""2026-05-09"", ""2026-05-10"", ""2026-05-11""], ""temperature_2m_max"": [30.6, 34.0, 32.7, 34.2, 35.2, 36.0, 37.3], ""temperature_2m_min"": [22.2, 20.9, 22.8, 21.9, 23.6, 24.9, 26.5], ""precipitation_sum"": [0.7, 0.0, 0.1, 0.1, 0.0, 0.0, 0.0], ""weather_code"": [53, 2, 51, 51, 2, 2, 3]}",2026-05-11 09:56:25,2026-05-11 09:56:27
2026-05-06,Gurugram,34.0,20.9,27.8,0.0,0.0,14.1,2,"{""time"": [""2026-05-06"", ""2026-05-07"", ""2026-05-08"", ""2026-05-09"", ""2026-05-10"", ""2026-05-11"", ""2026-05-12""], ""temperature_2m_max"": [34.0, 32.7, 34.2, 35.2, 36.0, 36.9, 38.5], ""temperature_2m_min"": [20.9, 22.8, 21.9, 23.6, 24.9, 26.5, 27.1], ""precipitation_sum"": [0.0, 0.1, 0.1, 0.0, 0.0, 0.0, 0.1], ""weather_code"": [2, 51, 51, 2, 2, 3, 51]}",2026-05-12 18:34:36,2026-05-12 18:34:39
2026-05-07,Gurugram,32.7,22.8,27.1,0.1,0.1,24.7,51,"{""time"": [""2026-05-07"", ""2026-05-08"", ""2026-05-09"", ""2026-05-10"", ""2026-05-11"", ""2026-05-12"", ""2026-05-13""], ""temperature_2m_max"": [32.7, 34.2, 35.2, 36.0, 36.9, 38.5, 33.9], ""temperature_2m_min"": [22.8, 21.9, 23.6, 24.9, 26.5, 27.1, 24.6], ""precipitation_sum"": [0.1, 0.1, 0.0, 0.0, 0.0, 0.1, 6.5], ""weather_code"": [51, 51, 2, 2, 3, 51, 81]}",2026-05-12 18:34:36,2026-05-12 18:34:40
2026-05-08,Gurugram,34.2,21.9,28.0,0.1,0.1,17.4,51,"{""time"": [""2026-05-08"", ""2026-05-09"", ""2026-05-10"", ""2026-05-11"", ""2026-05-12"", ""2026-05-13"", ""2026-05-14""], ""temperature_2m_max"": [34.2, 35.2, 36.0, 36.9, 38.5, 33.9, 38.2], ""temperature_2m_min"": [21.9, 23.6, 24.9, 26.5, 27.1, 24.6, 24.9], ""precipitation_sum"": [0.1, 0.0, 0.0, 0.0, 0.1, 6.5, 0.6], ""weather_code"": [51, 2, 2, 3, 51, 81, 53]}",2026-05-12 18:34:36,2026-05-12 18:34:42
2026-05-09,Gurugram,35.2,23.6,29.7,0.0,0.0,13.1,2,"{""time"": [""2026-05-09"", ""2026-05-10"", ""2026-05-11"", ""2026-05-12"", ""2026-05-13"", ""2026-05-14"", ""2026-05-15""], ""temperature_2m_max"": [35.2, 36.0, 36.9, 38.5, 38.6, 38.7, 39.2], ""temperature_2m_min"": [23.6, 24.9, 26.5, 27.1, 25.5, 25.0, 26.8], ""precipitation_sum"": [0.0, 0.0, 0.0, 0.1, 0.2, 0.0, 0.0], ""weather_code"": [2, 2, 3, 51, 51, 3, 3]}",2026-05-16 17:21:59,2026-05-16 17:22:00
2026-05-10,Gurugram,36.0,24.9,30.6,0.0,0.0,14.7,2,"{""time"": [""2026-05-10"", ""2026-05-11"", ""2026-05-12"", ""2026-05-13"", ""2026-05-14"", ""2026-05-15"", ""2026-05-16""], ""temperature_2m_max"": [36.0, 36.9, 38.5, 38.6, 38.7, 39.2, 39.7], ""temperature_2m_min"": [24.9, 26.5, 27.1, 25.5, 25.0, 26.8, 26.3], ""precipitation_sum"": [0.0, 0.0, 0.1, 0.2, 0.0, 0.0, 0.0], ""weather_code"": [2, 3, 51, 51, 3, 3, 0]}",2026-05-16 17:21:59,2026-05-16 17:22:02
2026-05-11,Gurugram,36.9,26.5,31.7,0.0,0.0,14.0,3,"{""time"": [""2026-05-11"", ""2026-05-12"", ""2026-05-13"", ""2026-05-14"", ""2026-05-15"", ""2026-05-16"", ""2026-05-17""], ""temperature_2m_max"": [36.9, 38.5, 38.6, 38.7, 39.2, 39.7, 40.5], ""temperature_2m_min"": [26.5, 27.1, 25.5, 25.0, 26.8, 26.3, 27.5], ""precipitation_sum"": [0.0, 0.1, 0.2, 0.0, 0.0, 0.0, 0.0], ""weather_code"": [3, 51, 51, 3, 3, 0, 1]}",2026-05-18 14:31:42,2026-05-18 14:31:43
2026-05-12,Gurugram,38.5,27.1,31.9,0.1,0.1,23.9,51,"{""time"": [""2026-05-12"", ""2026-05-13"", ""2026-05-14"", ""2026-05-15"", ""2026-05-16"", ""2026-05-17"", ""2026-05-18""], ""temperature_2m_max"": [38.5, 38.6, 38.7, 39.2, 39.7, 40.5, 42.3], ""temperature_2m_min"": [27.1, 25.5, 25.0, 26.8, 26.3, 27.5, 27.6], ""precipitation_sum"": [0.1, 0.2, 0.0, 0.0, 0.0, 0.0, 0.0], ""weather_code"": [51, 51, 3, 3, 0, 1, 1]}",2026-05-18 14:31:42,2026-05-18 14:31:44
2026-05-13,Gurugram,38.6,25.5,31.7,0.2,0.2,19.3,51,"{""time"": [""2026-05-13"", ""2026-05-14"", ""2026-05-15"", ""2026-05-16"", ""2026-05-17"", ""2026-05-18"", ""2026-05-19""], ""temperature_2m_max"": [38.6, 38.7, 39.2, 39.7, 40.5, 42.3, 43.7], ""temperature_2m_min"": [25.5, 25.0, 26.8, 26.3, 27.5, 27.6, 29.4], ""precipitation_sum"": [0.2, 0.0, 0.0, 0.0, 0.0, 0.0, 0.0], ""weather_code"": [51, 3, 3, 0, 1, 1, 0]}",2026-05-20 09:31:44,2026-05-20 09:31:46
2026-05-14,Gurugram,38.7,25.0,32.2,0.0,0.0,16.0,3,"{""time"": [""2026-05-14"", ""2026-05-15"", ""2026-05-16"", ""2026-05-17"", ""2026-05-18"", ""2026-05-19"", ""2026-05-20""], ""temperature_2m_max"": [38.7, 39.2, 39.7, 40.5, 42.3, 43.7, 43.2], ""temperature_2m_min"": [25.0, 26.8, 26.3, 27.5, 27.6, 29.4, 29.8], ""precipitation_sum"": [0.0, 0.0, 0.0, 0.0, 0.0, 0.0, 0.0], ""weather_code"": [3, 3, 0, 1, 1, 0, 1]}",2026-05-21 16:29:38,2026-05-21 16:29:39
2026-05-15,Gurugram,39.2,26.8,33.0,0.0,0.0,19.6,3,"{""time"": [""2026-05-15"", ""2026-05-16"", ""2026-05-17"", ""2026-05-18"", ""2026-05-19"", ""2026-05-20"", ""2026-05-21""], ""temperature_2m_max"": [39.2, 39.7, 40.5, 42.3, 43.7, 43.2, 42.0], ""temperature_2m_min"": [26.8, 26.3, 27.5, 27.6, 29.4, 29.8, 31.4], ""precipitation_sum"": [0.0, 0.0, 0.0, 0.0, 0.0, 0.0, 0.0], ""weather_code"": [3, 0, 1, 1, 0, 1, 1]}",2026-05-21 16:29:38,2026-05-21 16:29:40
2026-05-16,Gurugram,39.7,26.3,33.1,0.0,0.0,17.7,0,"{""time"": [""2026-05-16"", ""2026-05-17"", ""2026-05-18"", ""2026-05-19"", ""2026-05-20"", ""2026-05-21"", ""2026-05-22""], ""temperature_2m_max"": [39.7, 40.5, 42.3, 43.7, 43.2, 42.0, 41.1], ""temperature_2m_min"": [26.3, 27.5, 27.6, 29.4, 29.8, 31.4, 30.3], ""precipitation_sum"": [0.0, 0.0, 0.0, 0.0, 0.0, 0.0, 0.0], ""weather_code"": [0, 1, 1, 0, 1, 1, 1]}",2026-05-22 19:09:44,2026-05-22 19:09:45
2026-05-17,Gurugram,40.5,27.5,34.3,0.0,0.0,20.1,1,"{""time"": [""2026-05-17"", ""2026-05-18"", ""2026-05-19"", ""2026-05-20"", ""2026-05-21"", ""2026-05-22"", ""2026-05-23""], ""temperature_2m_max"": [40.5, 42.3, 43.7, 43.2, 42.0, 41.1, 41.0], ""temperature_2m_min"": [27.5, 27.6, 29.4, 29.8, 31.4, 30.3, 28.5], ""precipitation_sum"": [0.0, 0.0, 0.0, 0.0, 0.0, 0.0, 0.0], ""weather_code"": [1, 1, 0, 1, 1, 1, 1]}",2026-05-24 17:37:24,2026-05-24 17:37:25
2026-05-18,Gurugram,42.3,27.6,35.3,0.0,0.0,19.0,1,"{""time"": [""2026-05-18"", ""2026-05-19"", ""2026-05-20"", ""2026-05-21"", ""2026-05-22"", ""2026-05-23"", ""2026-05-24""], ""temperature_2m_max"": [42.3, 43.7, 43.2, 42.0, 41.1, 41.0, 41.9], ""temperature_2m_min"": [27.6, 29.4, 29.8, 31.4, 30.3, 28.5, 26.8], ""precipitation_sum"": [0.0, 0.0, 0.0, 0.0, 0.0, 0.0, 0.0], ""weather_code"": [1, 0, 1, 1, 1, 1, 1]}",2026-05-25 17:31:19,2026-05-25 17:31:20
2026-05-19,Gurugram,43.7,29.4,36.4,0.0,0.0,15.2,0,"{""time"": [""2026-05-19"", ""2026-05-20"", ""2026-05-21"", ""2026-05-22"", ""2026-05-23"", ""2026-05-24"", ""2026-05-25""], ""temperature_2m_max"": [43.7, 43.2, 42.0, 41.1, 41.0, 41.9, 42.8], ""temperature_2m_min"": [29.4, 29.8, 31.4, 30.3, 28.5, 26.8, 31.9], ""precipitation_sum"": [0.0, 0.0, 0.0, 0.0, 0.0, 0.0, 0.0], ""weather_code"": [0, 1, 1, 1, 1, 1, 2]}",2026-05-26 17:22:05,2026-05-26 17:22:06
2026-05-20,Gurugram,43.2,29.8,36.3,0.0,0.0,18.8,1,"{""time"": [""2026-05-20"", ""2026-05-21"", ""2026-05-22"", ""2026-05-23"", ""2026-05-24"", ""2026-05-25"", ""2026-05-26""], ""temperature_2m_max"": [43.2, 42.0, 41.1, 41.0, 41.9, 42.8, 42.2], ""temperature_2m_min"": [29.8, 31.4, 30.3, 28.5, 26.8, 31.9, 28.5], ""precipitation_sum"": [0.0, 0.0, 0.0, 0.0, 0.0, 0.0, 0.0], ""weather_code"": [1, 1, 1, 1, 1, 2, 0]}",2026-05-27 16:45:01,2026-05-27 16:45:02
2026-05-21,Gurugram,42.0,31.4,36.6,0.0,0.0,22.6,1,"{""time"": [""2026-05-21"", ""2026-05-22"", ""2026-05-23"", ""2026-05-24"", ""2026-05-25"", ""2026-05-26"", ""2026-05-27""], ""temperature_2m_max"": [42.0, 41.1, 41.0, 41.9, 42.8, 42.2, 42.2], ""temperature_2m_min"": [31.4, 30.3, 28.5, 26.8, 31.9, 28.5, 27.9], ""precipitation_sum"": [0.0, 0.0, 0.0, 0.0, 0.0, 0.0, 0.0], ""weather_code"": [1, 1, 1, 1, 2, 0, 0]}",2026-05-27 16:45:01,2026-05-27 16:45:03
2026-05-22,Gurugram,41.1,30.3,35.9,0.0,0.0,16.0,1,"{""time"": [""2026-05-22"", ""2026-05-23"", ""2026-05-24"", ""2026-05-25"", ""2026-05-26"", ""2026-05-27"", ""2026-05-28""], ""temperature_2m_max"": [41.1, 41.0, 41.9, 42.8, 42.2, 42.2, 41.2], ""temperature_2m_min"": [30.3, 28.5, 26.8, 31.9, 28.5, 27.9, 27.0], ""precipitation_sum"": [0.0, 0.0, 0.0, 0.0, 0.0, 0.0, 3.2], ""weather_code"": [1, 1, 1, 2, 0, 0, 80]}",2026-05-27 16:45:01,2026-05-27 16:45:05
2026-05-23,Gurugram,41.0,28.5,34.8,0.0,0.0,20.6,1,"{""time"": [""2026-05-23"", ""2026-05-24"", ""2026-05-25"", ""2026-05-26"", ""2026-05-27"", ""2026-05-28"", ""2026-05-29""], ""temperature_2m_max"": [41.0, 41.9, 42.8, 42.2, 42.3, 41.3, 32.7], ""temperature_2m_min"": [28.5, 26.8, 31.9, 28.5, 27.9, 27.4, 24.6], ""precipitation_sum"": [0.0, 0.0, 0.0, 0.0, 0.0, 12.7, 0.7], ""weather_code"": [1, 1, 2, 0, 0, 81, 51]}",2026-05-29 18:36:04,2026-05-29 18:36:06
2026-05-24,Gurugram,41.9,26.8,35.1,0.0,0.0,17.3,1,"{""time"": [""2026-05-24"", ""2026-05-25"", ""2026-05-26"", ""2026-05-27"", ""2026-05-28"", ""2026-05-29"", ""2026-05-30""], ""temperature_2m_max"": [41.9, 42.8, 42.2, 42.3, 41.3, 32.7, 34.9], ""temperature_2m_min"": [26.8, 31.9, 28.5, 27.9, 27.4, 24.6, 23.4], ""precipitation_sum"": [0.0, 0.0, 0.0, 0.0, 12.7, 0.7, 18.4], ""weather_code"": [1, 2, 0, 0, 81, 51, 82]}",2026-05-29 18:36:04,2026-05-29 18:36:07
2026-05-25,Gurugram,42.8,31.9,36.9,0.0,0.0,24.4,2,"{""time"": [""2026-05-25"", ""2026-05-26"", ""2026-05-27"", ""2026-05-28"", ""2026-05-29"", ""2026-05-30"", ""2026-05-31""], ""temperature_2m_max"": [42.8, 42.2, 42.3, 41.3, 32.7, 34.9, 34.2], ""temperature_2m_min"": [31.9, 28.5, 27.9, 27.4, 24.6, 23.4, 22.4], ""precipitation_sum"": [0.0, 0.0, 0.0, 12.7, 0.7, 18.4, 0.1], ""weather_code"": [2, 0, 0, 81, 51, 82, 51]}",2026-05-29 18:36:04,2026-05-29 18:36:08
2026-05-26,Gurugram,42.2,28.5,35.7,0.0,0.0,15.8,0,"{""time"": [""2026-05-26"", ""2026-05-27"", ""2026-05-28"", ""2026-05-29"", ""2026-05-30"", ""2026-05-31"", ""2026-06-01""], ""temperature_2m_max"": [42.2, 42.3, 41.3, 32.7, 34.9, 34.2, 35.1], ""temperature_2m_min"": [28.5, 27.9, 27.4, 24.6, 23.4, 22.4, 22.7], ""precipitation_sum"": [0.0, 0.0, 12.7, 0.7, 18.4, 0.1, 0.0], ""weather_code"": [0, 0, 81, 51, 82, 51, 1]}",2026-05-29 18:36:04,2026-05-29 18:36:09
2026-05-27,Gurugram,42.3,27.9,35.8,0.0,0.0,18.3,0,"{""time"": [""2026-05-27"", ""2026-05-28"", ""2026-05-29"", ""2026-05-30"", ""2026-05-31"", ""2026-06-01"", ""2026-06-02""], ""temperature_2m_max"": [42.3, 41.3, 32.7, 34.9, 34.2, 35.1, 37.0], ""temperature_2m_min"": [27.9, 27.4, 24.6, 23.4, 22.4, 22.7, 25.5], ""precipitation_sum"": [0.0, 12.7, 0.7, 18.4, 0.1, 0.0, 0.0], ""weather_code"": [0, 81, 51, 82, 51, 1, 2]}",2026-05-29 18:36:04,2026-05-29 18:36:11
2026-05-28,Gurugram,41.3,27.4,33.4,12.7,12.7,17.8,63,"{""time"": [""2026-05-28"", ""2026-05-29"", ""2026-05-30"", ""2026-05-31"", ""2026-06-01"", ""2026-06-02"", ""2026-06-03""], ""temperature_2m_max"": [41.3, 32.7, 34.9, 34.2, 35.1, 37.0, 39.8], ""temperature_2m_min"": [27.4, 24.6, 23.4, 22.4, 22.7, 25.5, 27.0], ""precipitation_sum"": [12.7, 0.7, 18.4, 0.1, 0.0, 0.0, 0.0], ""weather_code"": [81, 51, 82, 51, 1, 2, 1]}",2026-05-29 18:36:04,2026-05-29 18:36:12
2026-05-29,Gurugram,32.7,24.6,28.8,0.7,0.7,19.3,51,"{""time"": [""2026-05-29"", ""2026-05-30"", ""2026-05-31"", ""2026-06-01"", ""2026-06-02"", ""2026-06-03"", ""2026-06-04""], ""temperature_2m_max"": [32.7, 34.9, 34.2, 35.1, 37.0, 39.8, 40.0], ""temperature_2m_min"": [24.6, 23.4, 22.4, 22.7, 25.5, 27.0, 28.5], ""precipitation_sum"": [0.7, 18.4, 0.1, 0.0, 0.0, 0.0, 0.0], ""weather_code"": [51, 82, 51, 1, 2, 1, 1]}",2026-05-29 18:36:04,2026-05-29 18:36:15
2026-05-30,Gurugram,32.7,24.6,28.650000000000002,1.1,0.5,19.3,51,"{""time"": [""2026-05-29"", ""2026-05-30"", ""2026-05-31"", ""2026-06-01"", ""2026-06-02"", ""2026-06-03"", ""2026-06-04""], ""temperature_2m_max"": [32.7, 34.9, 34.2, 35.1, 37.0, 39.8, 40.0], ""temperature_2m_min"": [24.6, 23.4, 22.4, 22.7, 25.5, 27.0, 28.5], ""precipitation_sum"": [1.1, 3.5, 1.7, 0.0, 0.0, 0.0, 0.6], ""rain_sum"": [0.5, 2.1, 0.4, 0.0, 0.0, 0.0, 0.6], ""wind_speed_10m_max"": [19.3, 20.1, 21.9, 10.7, 11.5, 10.3, 15.7], ""weather_code"": [51, 80, 80, 1, 2, 0, 51]}",2026-05-29 18:36:16,2026-05-29 18:36:16
2026-05-31,Gurugram,34.1,23.0,27.5,0.4,0.4,16.2,51,"{""time"": [""2026-05-31"", ""2026-06-01"", ""2026-06-02"", ""2026-06-03"", ""2026-06-04"", ""2026-06-05"", ""2026-06-06""], ""temperature_2m_max"": [34.1, 33.0, 35.2, 37.8, 38.5, 34.8, 38.9], ""temperature_2m_min"": [23.0, 23.9, 23.6, 27.0, 26.5, 24.5, 27.0], ""precipitation_sum"": [0.4, 0.3, 1.5, 0.2, 1.0, 0.5, 1.3], ""weather_code"": [51, 51, 51, 51, 53, 51, 53]}",2026-06-06 18:34:30,2026-06-06 18:34:32
2026-06-01,Gurugram,33.0,23.9,28.7,0.3,0.3,13.1,51,"{""time"": [""2026-06-01"", ""2026-06-02"", ""2026-06-03"", ""2026-06-04"", ""2026-06-05"", ""2026-06-06"", ""2026-06-07""], ""temperature_2m_max"": [33.0, 35.2, 37.8, 38.5, 34.8, 38.9, 40.8], ""temperature_2m_min"": [23.9, 23.6, 27.0, 26.5, 24.5, 27.0, 28.2], ""precipitation_sum"": [0.3, 1.5, 0.2, 1.0, 0.5, 1.3, 0.0], ""weather_code"": [51, 51, 51, 53, 51, 53, 1]}",2026-06-06 18:34:30,2026-06-06 18:34:34
2026-06-02,Gurugram,35.2,23.6,29.8,1.5,1.5,15.2,51,"{""time"": [""2026-06-02"", ""2026-06-03"", ""2026-06-04"", ""2026-06-05"", ""2026-06-06"", ""2026-06-07"", ""2026-06-08""], ""temperature_2m_max"": [35.2, 37.8, 38.5, 34.8, 38.9, 40.8, 41.3], ""temperature_2m_min"": [23.6, 27.0, 26.5, 24.5, 27.0, 28.2, 28.9], ""precipitation_sum"": [1.5, 0.2, 1.0, 0.5, 1.3, 0.0, 0.0], ""weather_code"": [51, 51, 53, 51, 53, 1, 1]}",2026-06-06 18:34:30,2026-06-06 18:34:35
2026-06-03,Gurugram,37.8,27.0,32.7,0.2,0.2,10.5,51,"{""time"": [""2026-06-03"", ""2026-06-04"", ""2026-06-05"", ""2026-06-06"", ""2026-06-07"", ""2026-06-08"", ""2026-06-09""], ""temperature_2m_max"": [37.8, 38.5, 34.8, 38.9, 39.8, 41.3, 42.3], ""temperature_2m_min"": [27.0, 26.5, 24.5, 27.0, 27.8, 29.0, 29.5], ""precipitation_sum"": [0.2, 1.0, 0.5, 1.3, 0.6, 0.0, 0.0], ""weather_code"": [51, 53, 51, 53, 53, 2, 1]}",2026-06-10 15:55:36,2026-06-10 15:55:38
2026-06-04,Gurugram,38.5,26.5,31.7,1.0,1.0,20.1,53,"{""time"": [""2026-06-04"", ""2026-06-05"", ""2026-06-06"", ""2026-06-07"", ""2026-06-08"", ""2026-06-09"", ""2026-06-10""], ""temperature_2m_max"": [38.5, 34.8, 38.9, 39.8, 41.3, 42.3, 42.3], ""temperature_2m_min"": [26.5, 24.5, 27.0, 27.8, 29.0, 29.5, 30.7], ""precipitation_sum"": [1.0, 0.5, 1.3, 0.6, 0.0, 0.0, 0.3], ""weather_code"": [53, 51, 53, 53, 2, 1, 51]}",2026-06-10 15:55:36,2026-06-10 15:55:39
2026-06-05,Gurugram,34.8,24.5,29.9,0.5,0.5,13.0,51,"{""time"": [""2026-06-05"", ""2026-06-06"", ""2026-06-07"", ""2026-06-08"", ""2026-06-09"", ""2026-06-10"", ""2026-06-11""], ""temperature_2m_max"": [34.8, 38.9, 39.8, 41.3, 42.3, 42.3, 38.7], ""temperature_2m_min"": [24.5, 27.0, 27.8, 29.0, 29.5, 30.7, 25.0], ""precipitation_sum"": [0.5, 1.3, 0.6, 0.0, 0.0, 0.3, 7.8], ""weather_code"": [51, 53, 53, 2, 1, 51, 81]}",2026-06-10 15:55:36,2026-06-10 15:55:40
2026-06-06,Gurugram,38.9,27.0,32.8,1.3,1.3,15.0,53,"{""time"": [""2026-06-06"", ""2026-06-07"", ""2026-06-08"", ""2026-06-09"", ""2026-06-10"", ""2026-06-11"", ""2026-06-12""], ""temperature_2m_max"": [38.9, 39.8, 41.3, 42.3, 42.3, 38.7, 32.8], ""temperature_2m_min"": [27.0, 27.8, 29.0, 29.5, 30.7, 25.0, 25.2], ""precipitation_sum"": [1.3, 0.6, 0.0, 0.0, 0.3, 7.8, 5.8], ""weather_code"": [53, 53, 2, 1, 51, 81, 81]}",2026-06-10 15:55:36,2026-06-10 15:55:41
2026-06-07,Gurugram,39.8,27.8,32.8,0.6,0.6,21.2,53,"{""time"": [""2026-06-07"", ""2026-06-08"", ""2026-06-09"", ""2026-06-10"", ""2026-06-11"", ""2026-06-12"", ""2026-06-13""], ""temperature_2m_max"": [39.8, 41.3, 42.3, 42.3, 36.8, 34.0, 34.4], ""temperature_2m_min"": [27.8, 29.0, 29.5, 30.7, 28.4, 23.3, 24.6], ""precipitation_sum"": [0.6, 0.0, 0.0, 0.3, 0.9, 2.4, 3.3], ""weather_code"": [53, 2, 1, 51, 53, 55, 80]}",2026-06-14 17:18:35,2026-06-14 17:18:37
2026-06-08,Gurugram,41.3,29.0,34.9,0.0,0.0,16.2,2,"{""time"": [""2026-06-08"", ""2026-06-09"", ""2026-06-10"", ""2026-06-11"", ""2026-06-12"", ""2026-06-13"", ""2026-06-14""], ""temperature_2m_max"": [41.3, 42.3, 42.3, 36.8, 34.0, 34.4, 37.3], ""temperature_2m_min"": [29.0, 29.5, 30.7, 28.4, 23.3, 24.6, 26.2], ""precipitation_sum"": [0.0, 0.0, 0.3, 0.9, 2.4, 3.3, 0.1], ""weather_code"": [2, 1, 51, 53, 55, 80, 51]}",2026-06-14 17:18:35,2026-06-14 17:18:38
2026-06-09,Gurugram,42.3,29.5,36.1,0.0,0.0,21.0,1,"{""time"": [""2026-06-09"", ""2026-06-10"", ""2026-06-11"", ""2026-06-12"", ""2026-06-13"", ""2026-06-14"", ""2026-06-15""], ""temperature_2m_max"": [42.3, 42.3, 36.8, 34.0, 34.4, 37.3, 37.0], ""temperature_2m_min"": [29.5, 30.7, 28.4, 23.3, 24.6, 26.2, 26.2], ""precipitation_sum"": [0.0, 0.3, 0.9, 2.4, 3.3, 0.1, 1.6], ""weather_code"": [1, 51, 53, 55, 80, 51, 53]}",2026-06-14 17:18:35,2026-06-14 17:18:40
2026-06-10,Gurugram,42.3,30.7,36.5,0.3,0.3,21.2,51,"{""time"": [""2026-06-10"", ""2026-06-11"", ""2026-06-12"", ""2026-06-13"", ""2026-06-14"", ""2026-06-15"", ""2026-06-16""], ""temperature_2m_max"": [42.3, 36.8, 34.0, 34.4, 37.3, 37.0, 38.3], ""temperature_2m_min"": [30.7, 28.4, 23.3, 24.6, 26.2, 26.2, 25.9], ""precipitation_sum"": [0.3, 0.9, 2.4, 3.3, 0.1, 1.6, 2.5], ""weather_code"": [51, 53, 55, 80, 51, 53, 55]}",2026-06-14 17:18:35,2026-06-14 17:18:42
2026-06-11,Gurugram,36.8,28.4,33.2,0.9,0.9,21.1,53,"{""time"": [""2026-06-11"", ""2026-06-12"", ""2026-06-13"", ""2026-06-14"", ""2026-06-15"", ""2026-06-16"", ""2026-06-17""], ""temperature_2m_max"": [36.8, 34.0, 34.4, 37.3, 37.0, 38.3, 39.2], ""temperature_2m_min"": [28.4, 23.3, 24.6, 26.2, 26.2, 25.9, 27.0], ""precipitation_sum"": [0.9, 2.4, 3.3, 0.1, 1.6, 2.5, 0.0], ""weather_code"": [53, 55, 80, 51, 53, 55, 1]}",2026-06-14 17:18:35,2026-06-14 17:18:43
2026-06-12,Gurugram,34.0,23.3,28.4,2.4,2.4,26.1,55,"{""time"": [""2026-06-12"", ""2026-06-13"", ""2026-06-14"", ""2026-06-15"", ""2026-06-16"", ""2026-06-17"", ""2026-06-18""], ""temperature_2m_max"": [34.0, 34.4, 37.3, 37.0, 38.3, 39.2, 39.3], ""temperature_2m_min"": [23.3, 24.6, 26.2, 26.2, 25.9, 27.0, 27.7], ""precipitation_sum"": [2.4, 3.3, 0.1, 1.6, 2.5, 0.0, 0.0], ""weather_code"": [55, 80, 51, 53, 55, 1, 2]}",2026-06-14 17:18:35,2026-06-14 17:18:44
2026-06-13,Gurugram,34.4,24.6,29.1,3.3,3.3,13.5,61,"{""time"": [""2026-06-13"", ""2026-06-14"", ""2026-06-15"", ""2026-06-16"", ""2026-06-17"", ""2026-06-18"", ""2026-06-19""], ""temperature_2m_max"": [34.4, 37.3, 37.0, 38.3, 39.2, 39.3, 37.8], ""temperature_2m_min"": [24.6, 26.2, 26.2, 25.9, 27.0, 27.7, 25.2], ""precipitation_sum"": [3.3, 0.1, 1.6, 2.5, 0.0, 0.0, 1.2], ""weather_code"": [80, 51, 53, 55, 1, 2, 51]}",2026-06-14 17:18:35,2026-06-14 17:18:45
2026-06-14,Gurugram,37.3,26.2,32.0,0.1,0.1,16.2,51,"{""time"": [""2026-06-14"", ""2026-06-15"", ""2026-06-16"", ""2026-06-17"", ""2026-06-18"", ""2026-06-19"", ""2026-06-20""], ""temperature_2m_max"": [37.3, 36.6, 32.3, 36.4, 38.0, 37.0, 38.5], ""temperature_2m_min"": [26.2, 25.9, 24.6, 24.1, 27.9, 26.9, 28.7], ""precipitation_sum"": [0.1, 3.2, 1.4, 0.0, 0.0, 0.0, 0.2], ""weather_code"": [51, 80, 55, 3, 3, 3, 51]}",2026-06-21 16:54:25,2026-06-21 16:54:26
2026-06-15,Gurugram,36.6,25.9,29.8,3.2,3.2,31.8,61,"{""time"": [""2026-06-15"", ""2026-06-16"", ""2026-06-17"", ""2026-06-18"", ""2026-06-19"", ""2026-06-20"", ""2026-06-21""], ""temperature_2m_max"": [36.6, 32.3, 36.4, 38.0, 37.0, 38.5, 37.3], ""temperature_2m_min"": [25.9, 24.6, 24.1, 27.9, 26.9, 28.7, 29.2], ""precipitation_sum"": [3.2, 1.4, 0.0, 0.0, 0.0, 0.2, 0.0], ""weather_code"": [80, 55, 3, 3, 3, 51, 3]}",2026-06-21 16:54:25,2026-06-21 16:54:27
2026-06-16,Gurugram,32.3,24.6,27.6,1.4,1.4,18.7,55,"{""time"": [""2026-06-16"", ""2026-06-17"", ""2026-06-18"", ""2026-06-19"", ""2026-06-20"", ""2026-06-21"", ""2026-06-22""], ""temperature_2m_max"": [32.3, 36.4, 38.0, 37.0, 38.5, 37.3, 38.0], ""temperature_2m_min"": [24.6, 24.1, 27.9, 26.9, 28.7, 29.2, 27.7], ""precipitation_sum"": [1.4, 0.0, 0.0, 0.0, 0.2, 0.0, 0.7], ""weather_code"": [55, 3, 3, 3, 51, 3, 53]}",2026-06-21 16:54:25,2026-06-21 16:54:29
2026-06-17,Gurugram,36.4,24.1,30.8,0.0,0.0,9.8,3,"{""time"": [""2026-06-17"", ""2026-06-18"", ""2026-06-19"", ""2026-06-20"", ""2026-06-21"", ""2026-06-22"", ""2026-06-23""], ""temperature_2m_max"": [36.4, 38.0, 37.0, 38.5, 37.6, 35.3, 37.6], ""temperature_2m_min"": [24.1, 27.9, 26.9, 28.7, 29.2, 27.0, 27.9], ""precipitation_sum"": [0.0, 0.0, 0.0, 0.2, 0.0, 0.0, 0.7], ""weather_code"": [3, 3, 3, 51, 3, 3, 51]}",2026-06-24 15:46:53,2026-06-24 15:46:54
2026-06-18,Gurugram,38.0,27.9,33.1,0.0,0.0,15.7,3,"{""time"": [""2026-06-18"", ""2026-06-19"", ""2026-06-20"", ""2026-06-21"", ""2026-06-22"", ""2026-06-23"", ""2026-06-24""], ""temperature_2m_max"": [38.0, 37.0, 38.5, 37.6, 35.3, 37.6, 37.2], ""temperature_2m_min"": [27.9, 26.9, 28.7, 29.2, 27.0, 27.9, 28.0], ""precipitation_sum"": [0.0, 0.0, 0.2, 0.0, 0.0, 0.7, 0.1], ""weather_code"": [3, 3, 51, 3, 3, 51, 51]}",2026-06-24 18:32:54,2026-06-24 18:32:57
2026-06-19,Gurugram,37.0,26.9,32.2,0.0,0.0,13.7,3,"{""time"": [""2026-06-19"", ""2026-06-20"", ""2026-06-21"", ""2026-06-22"", ""2026-06-23"", ""2026-06-24"", ""2026-06-25""], ""temperature_2m_max"": [37.0, 38.5, 37.6, 35.3, 37.6, 37.2, 38.5], ""temperature_2m_min"": [26.9, 28.7, 29.2, 27.0, 27.9, 28.0, 28.1], ""precipitation_sum"": [0.0, 0.2, 0.0, 0.0, 0.7, 0.1, 0.0], ""weather_code"": [3, 51, 3, 3, 51, 51, 1]}",2026-06-24 18:32:54,2026-06-24 18:32:58
2026-06-20,Gurugram,38.5,28.7,33.2,0.2,0.2,16.3,51,"{""time"": [""2026-06-20"", ""2026-06-21"", ""2026-06-22"", ""2026-06-23"", ""2026-06-24"", ""2026-06-25"", ""2026-06-26""], ""temperature_2m_max"": [38.5, 37.6, 35.3, 37.6, 37.2, 38.5, 39.1], ""temperature_2m_min"": [28.7, 29.2, 27.0, 27.9, 28.0, 28.1, 28.8], ""precipitation_sum"": [0.2, 0.0, 0.0, 0.7, 0.1, 0.0, 0.0], ""weather_code"": [51, 3, 3, 51, 51, 1, 1]}",2026-06-24 18:32:54,2026-06-24 18:32:59
2026-06-21,Gurugram,37.6,29.2,32.8,0.0,0.0,15.7,3,"{""time"": [""2026-06-21"", ""2026-06-22"", ""2026-06-23"", ""2026-06-24"", ""2026-06-25"", ""2026-06-26"", ""2026-06-27""], ""temperature_2m_max"": [37.6, 35.3, 37.6, 37.2, 38.5, 39.1, 39.6], ""temperature_2m_min"": [29.2, 27.0, 27.9, 28.0, 28.1, 28.8, 29.7], ""precipitation_sum"": [0.0, 0.0, 0.7, 0.1, 0.0, 0.0, 0.0], ""weather_code"": [3, 3, 51, 51, 1, 1, 0]}",2026-06-24 18:32:54,2026-06-24 18:33:00
2026-06-22,Gurugram,35.3,27.0,31.5,0.0,0.0,17.2,3,"{""time"": [""2026-06-22"", ""2026-06-23"", ""2026-06-24"", ""2026-06-25"", ""2026-06-26"", ""2026-06-27"", ""2026-06-28""], ""temperature_2m_max"": [35.3, 37.6, 37.2, 37.2, 39.5, 39.3, 39.8], ""temperature_2m_min"": [27.0, 27.9, 28.0, 28.0, 28.8, 26.4, 29.7], ""precipitation_sum"": [0.0, 0.7, 0.1, 1.8, 0.2, 0.5, 0.9], ""weather_code"": [3, 51, 51, 80, 51, 53, 53]}",2026-06-29 06:29:57,2026-06-29 06:30:00
2026-06-23,Gurugram,37.6,27.9,31.7,0.7,0.7,20.3,51,"{""time"": [""2026-06-23"", ""2026-06-24"", ""2026-06-25"", ""2026-06-26"", ""2026-06-27"", ""2026-06-28"", ""2026-06-29""], ""temperature_2m_max"": [37.6, 37.2, 37.2, 39.5, 39.3, 39.8, 40.4], ""temperature_2m_min"": [27.9, 28.0, 28.0, 28.8, 26.4, 29.7, 31.6], ""precipitation_sum"": [0.7, 0.1, 1.8, 0.2, 0.5, 0.9, 0.2], ""weather_code"": [51, 51, 80, 51, 53, 53, 51]}",2026-06-30 06:04:02,2026-06-30 06:04:03
2026-06-24,Gurugram,37.2,28.0,32.1,0.1,0.1,13.5,51,"{""time"": [""2026-06-24"", ""2026-06-25"", ""2026-06-26"", ""2026-06-27"", ""2026-06-28"", ""2026-06-29"", ""2026-06-30""], ""temperature_2m_max"": [37.2, 37.2, 39.5, 39.3, 39.8, 40.4, 40.0], ""temperature_2m_min"": [28.0, 28.0, 28.8, 26.4, 29.7, 31.6, 31.0], ""precipitation_sum"": [0.1, 1.8, 0.2, 0.5, 0.9, 0.2, 0.9], ""weather_code"": [51, 80, 51, 53, 53, 51, 51]}",2026-06-30 06:04:02,2026-06-30 06:04:04
2026-06-25,Gurugram,37.3,28.0,32.5,1.8,1.8,11.9,61,"{""time"": [""2026-06-25"", ""2026-06-26"", ""2026-06-27"", ""2026-06-28"", ""2026-06-29"", ""2026-06-30"", ""2026-07-01""], ""temperature_2m_max"": [37.3, 39.6, 39.4, 39.8, 40.4, 38.9, 33.6], ""temperature_2m_min"": [28.0, 28.8, 26.4, 29.7, 31.7, 31.0, 27.3], ""precipitation_sum"": [1.8, 0.2, 0.5, 0.9, 0.2, 0.9, 4.3], ""weather_code"": [80, 51, 53, 95, 51, 53, 95]}",2026-07-02 17:40:02,2026-07-02 17:40:03
2026-06-26,Gurugram,39.6,28.8,34.0,0.2,0.2,10.9,51,"{""time"": [""2026-06-26"", ""2026-06-27"", ""2026-06-28"", ""2026-06-29"", ""2026-06-30"", ""2026-07-01"", ""2026-07-02""], ""temperature_2m_max"": [39.6, 39.4, 39.8, 40.4, 38.9, 33.6, 31.3], ""temperature_2m_min"": [28.8, 26.4, 29.7, 31.7, 31.0, 27.3, 25.6], ""precipitation_sum"": [0.2, 0.5, 0.9, 0.2, 0.9, 4.3, 22.4], ""weather_code"": [51, 53, 95, 51, 53, 95, 96]}",2026-07-02 17:40:02,2026-07-02 17:40:04
2026-06-27,Gurugram,39.4,26.4,34.2,0.5,0.5,10.9,53,"{""time"": [""2026-06-27"", ""2026-06-28"", ""2026-06-29"", ""2026-06-30"", ""2026-07-01"", ""2026-07-02"", ""2026-07-03""], ""temperature_2m_max"": [39.4, 39.8, 40.4, 38.9, 33.6, 31.3, 33.9], ""temperature_2m_min"": [26.4, 29.7, 31.7, 31.0, 27.3, 25.6, 27.1], ""precipitation_sum"": [0.5, 0.9, 0.2, 0.9, 4.3, 22.4, 0.1], ""weather_code"": [53, 95, 51, 53, 95, 96, 95]}",2026-07-02 17:40:02,2026-07-02 17:40:05
2026-06-28,Gurugram,39.8,29.7,35.1,0.9,0.9,14.7,53,"{""time"": [""2026-06-28"", ""2026-06-29"", ""2026-06-30"", ""2026-07-01"", ""2026-07-02"", ""2026-07-03"", ""2026-07-04""], ""temperature_2m_max"": [39.8, 40.4, 38.9, 33.6, 31.2, 33.3, 34.0], ""temperature_2m_min"": [29.7, 31.7, 31.0, 27.3, 25.6, 26.7, 28.8], ""precipitation_sum"": [0.9, 0.2, 0.9, 4.3, 22.4, 0.9, 1.1], ""weather_code"": [95, 51, 53, 95, 96, 95, 95]}",2026-07-05 12:49:26,2026-07-05 12:49:28
2026-06-29,Gurugram,40.4,31.7,35.9,0.2,0.2,17.6,51,"{""time"": [""2026-06-29"", ""2026-06-30"", ""2026-07-01"", ""2026-07-02"", ""2026-07-03"", ""2026-07-04"", ""2026-07-05""], ""temperature_2m_max"": [40.4, 38.9, 33.6, 31.2, 33.3, 34.0, 36.8], ""temperature_2m_min"": [31.7, 31.0, 27.3, 25.6, 26.7, 28.8, 28.4], ""precipitation_sum"": [0.2, 0.9, 4.3, 22.4, 0.9, 1.1, 0.8], ""weather_code"": [51, 53, 95, 96, 95, 95, 95]}",2026-07-05 12:49:26,2026-07-05 12:49:31
2026-06-30,Gurugram,38.9,31.0,34.4,0.9,0.9,17.1,53,"{""time"": [""2026-06-30"", ""2026-07-01"", ""2026-07-02"", ""2026-07-03"", ""2026-07-04"", ""2026-07-05"", ""2026-07-06""], ""temperature_2m_max"": [38.9, 33.6, 31.2, 33.3, 34.0, 36.8, 35.1], ""temperature_2m_min"": [31.0, 27.3, 25.6, 26.7, 28.8, 28.4, 26.9], ""precipitation_sum"": [0.9, 4.3, 22.4, 0.9, 1.1, 0.8, 13.0], ""weather_code"": [53, 95, 96, 95, 95, 95, 99]}",2026-07-05 12:49:26,2026-07-05 12:49:36
2026-07-01,Gurugram,33.6,27.3,30.7,4.3,4.3,16.1,61,"{""time"": [""2026-07-01"", ""2026-07-02"", ""2026-07-03"", ""2026-07-04"", ""2026-07-05"", ""2026-07-06"", ""2026-07-07""], ""temperature_2m_max"": [33.6, 31.2, 33.3, 34.0, 36.8, 35.1, 33.8], ""temperature_2m_min"": [27.3, 25.6, 26.7, 28.8, 28.4, 26.9, 27.4], ""precipitation_sum"": [4.3, 22.4, 0.9, 1.1, 0.8, 13.0, 2.4], ""weather_code"": [95, 96, 95, 95, 95, 99, 96]}",2026-07-05 12:49:26,2026-07-05 12:49:41
2026-07-02,Gurugram,31.2,25.6,28.6,22.4,22.4,9.9,65,"{""time"": [""2026-07-02"", ""2026-07-03"", ""2026-07-04"", ""2026-07-05"", ""2026-07-06"", ""2026-07-07"", ""2026-07-08""], ""temperature_2m_max"": [31.2, 33.3, 34.0, 36.8, 35.1, 33.8, 30.8], ""temperature_2m_min"": [25.6, 26.7, 28.8, 28.4, 26.9, 27.4, 26.8], ""precipitation_sum"": [22.4, 0.9, 1.1, 0.8, 13.0, 2.4, 2.9], ""weather_code"": [96, 95, 95, 95, 99, 96, 95]}",2026-07-05 12:49:26,2026-07-05 12:49:44
2026-07-03,Gurugram,33.3,26.7,30.5,0.9,0.9,8.1,53,"{""time"": [""2026-07-03"", ""2026-07-04"", ""2026-07-05"", ""2026-07-06"", ""2026-07-07"", ""2026-07-08"", ""2026-07-09""], ""temperature_2m_max"": [33.3, 34.0, 36.8, 35.1, 33.8, 30.8, 33.3], ""temperature_2m_min"": [26.7, 28.8, 28.4, 26.9, 27.4, 26.8, 26.5], ""precipitation_sum"": [0.9, 1.1, 0.8, 13.0, 2.4, 2.9, 0.6], ""weather_code"": [95, 95, 95, 99, 96, 95, 95]}",2026-07-05 12:49:26,2026-07-05 12:49:49
2026-07-04,Gurugram,34.0,28.8,31.2,1.1,1.1,8.4,53,"{""time"": [""2026-07-04"", ""2026-07-05"", ""2026-07-06"", ""2026-07-07"", ""2026-07-08"", ""2026-07-09"", ""2026-07-10""], ""temperature_2m_max"": [34.0, 36.8, 35.1, 33.8, 30.8, 33.3, 34.2], ""temperature_2m_min"": [28.8, 28.4, 26.9, 27.4, 26.8, 26.5, 26.3], ""precipitation_sum"": [1.1, 0.8, 13.0, 2.4, 2.9, 0.6, 2.7], ""weather_code"": [95, 95, 99, 96, 95, 95, 95]}",2026-07-05 12:49:26,2026-07-05 12:49:50
2026-07-05,Gurugram,35.2,27.6,31.400000000000002,6.3,2.1,13.1,96,"{""time"": [""2026-07-05"", ""2026-07-06"", ""2026-07-07"", ""2026-07-08"", ""2026-07-09"", ""2026-07-10"", ""2026-07-11""], ""temperature_2m_max"": [36.8, 35.1, 33.8, 30.8, 33.3, 34.2, 37.8], ""temperature_2m_min"": [28.4, 26.9, 27.4, 26.8, 26.5, 26.3, 26.5], ""precipitation_sum"": [0.8, 13.0, 2.4, 2.9, 0.6, 2.7, 10.8], ""rain_sum"": [0.6, 4.3, 0.7, 2.9, 0.3, 2.7, 3.0], ""wind_speed_10m_max"": [12.3, 13.7, 10.2, 14.9, 12.8, 10.7, 11.7], ""weather_code"": [51, 96, 96, 80, 95, 53, 80]}",2026-07-04 19:25:16,2026-07-05 12:49:52
