date,city,temp_max,temp_min,temp_mean,precipitation_sum,rain_sum,wind_speed_max,weather_code,forecast_snapshot,created_at,updated_at
2025-02-01,Gurugram,24.0,12.1,17.7,0.5,0.5,18.8,51,,2026-02-01 09:22:30,2026-02-01 09:22:30
2025-02-02,Gurugram,22.5,12.4,16.7,0.0,0.0,12.2,2,,2026-02-01 09:22:30,2026-02-01 09:22:30
2025-02-03,Gurugram,21.8,9.4,15.3,0.0,0.0,9.4,1,,2026-02-01 09:22:30,2026-02-01 09:22:30
2025-02-04,Gurugram,22.5,13.0,17.2,0.2,0.2,12.0,51,,2026-02-01 09:22:30,2026-02-01 09:22:30
2025-02-05,Gurugram,20.8,10.4,15.1,0.1,0.1,13.1,51,,2026-02-01 09:22:30,2026-02-01 09:22:30
2025-02-06,Gurugram,20.5,9.9,14.5,0.0,0.0,19.0,2,,2026-02-01 09:22:30,2026-02-01 09:22:30
2025-02-07,Gurugram,20.2,9.0,14.1,0.0,0.0,19.9,3,,2026-02-01 09:22:30,2026-02-01 09:22:30
2025-02-08,Gurugram,22.1,9.6,15.2,0.0,0.0,13.9,3,,2026-02-01 09:22:30,2026-02-01 09:22:30
2025-02-09,Gurugram,23.6,8.6,15.8,0.0,0.0,9.3,3,,2026-02-01 09:22:30,2026-02-01 09:22:30
2025-02-10,Gurugram,25.1,9.2,17.0,0.0,0.0,6.6,2,,2026-02-01 09:22:30,2026-02-01 09:22:30
2025-02-11,Gurugram,26.6,11.1,18.6,0.0,0.0,9.7,3,,2026-02-01 09:22:30,2026-02-01 09:22:30
2025-02-12,Gurugram,24.0,11.8,17.7,0.0,0.0,17.7,1,,2026-02-01 09:22:30,2026-02-01 09:22:30
2025-02-13,Gurugram,22.5,11.2,16.6,0.0,0.0,16.8,0,,2026-02-01 09:22:30,2026-02-01 09:22:30
2025-02-14,Gurugram,23.1,9.9,16.4,0.0,0.0,14.3,3,,2026-02-01 09:22:30,2026-02-01 09:22:30
2025-02-15,Gurugram,26.2,11.6,18.7,0.0,0.0,10.3,3,,2026-02-01 09:22:30,2026-02-01 09:22:30
2025-02-16,Gurugram,25.0,12.5,18.8,0.0,0.0,10.2,3,,2026-02-01 09:22:30,2026-02-01 09:22:30
2025-02-17,Gurugram,26.9,14.6,20.0,0.4,0.4,9.1,51,,2026-02-01 09:22:30,2026-02-01 09:22:30
2025-02-18,Gurugram,25.8,14.9,19.7,0.0,0.0,10.8,3,,2026-02-01 09:22:30,2026-02-01 09:22:30
2025-02-19,Gurugram,26.0,12.3,18.8,0.5,0.5,11.0,53,,2026-02-01 09:22:30,2026-02-01 09:22:30
2025-02-20,Gurugram,23.4,14.4,18.3,2.0,2.0,20.1,53,,2026-02-01 09:22:30,2026-02-01 09:22:30
2025-02-21,Gurugram,24.0,13.6,18.0,0.0,0.0,12.5,3,,2026-02-01 09:22:30,2026-02-01 09:22:30
2025-02-22,Gurugram,23.2,12.0,17.2,0.0,0.0,13.8,3,,2026-02-01 09:22:30,2026-02-01 09:22:30
2025-02-23,Gurugram,24.0,11.4,17.6,0.0,0.0,9.8,0,,2026-02-01 09:22:30,2026-02-01 09:22:30
2025-02-24,Gurugram,25.6,11.1,18.5,0.0,0.0,10.7,3,,2026-02-01 09:22:30,2026-02-01 09:22:30
2025-02-25,Gurugram,26.8,13.1,19.7,0.0,0.0,9.0,3,,2026-02-01 09:22:30,2026-02-01 09:22:30
2025-02-26,Gurugram,28.2,16.5,22.2,0.0,0.0,10.0,3,,2026-02-01 09:22:30,2026-02-01 09:22:30
2025-02-27,Gurugram,24.2,18.2,20.6,0.8,0.8,18.0,53,,2026-02-01 09:22:30,2026-02-01 09:22:30
2025-02-28,Gurugram,24.0,18.2,20.2,1.3,1.3,16.0,53,,2026-02-01 09:22:30,2026-02-01 09:22:30
2025-03-01,Gurugram,24.8,15.2,19.5,4.8,4.8,18.6,63,,2026-02-01 09:22:30,2026-02-01 09:22:30
2025-03-02,Gurugram,24.4,13.9,18.6,0.0,0.0,14.6,0,,2026-02-01 09:22:30,2026-02-01 09:22:30
2025-03-03,Gurugram,25.8,11.7,19.1,0.0,0.0,13.8,1,,2026-02-01 09:22:30,2026-02-01 09:22:30
2025-03-04,Gurugram,24.0,14.1,19.0,0.0,0.0,19.3,1,,2026-02-01 09:22:30,2026-02-01 09:22:30
2025-03-05,Gurugram,22.4,11.5,16.9,0.0,0.0,26.0,0,,2026-02-01 09:22:30,2026-02-01 09:22:30
2025-03-06,Gurugram,25.9,11.5,18.4,0.0,0.0,16.7,0,,2026-02-01 09:22:30,2026-02-01 09:22:30
2025-03-07,Gurugram,27.0,10.8,19.1,0.0,0.0,10.1,0,,2026-02-01 09:22:30,2026-02-01 09:22:30
2025-03-08,Gurugram,28.5,12.9,20.4,0.0,0.0,13.0,0,,2026-02-01 09:22:30,2026-02-01 09:22:30
2025-03-09,Gurugram,30.4,15.6,22.8,0.0,0.0,15.6,1,,2026-02-01 09:22:30,2026-02-01 09:22:30
2025-03-10,Gurugram,30.8,18.0,24.0,0.0,0.0,16.6,3,,2026-02-01 09:22:30,2026-02-01 09:22:30
2025-03-11,Gurugram,33.0,18.1,25.3,0.0,0.0,11.5,3,,2026-02-01 09:22:30,2026-02-01 09:22:30
2025-03-12,Gurugram,31.4,17.4,24.3,0.0,0.0,13.2,3,,2026-02-01 09:22:30,2026-02-01 09:22:30
2025-03-13,Gurugram,30.8,18.1,24.4,0.6,0.6,16.5,53,,2026-02-01 09:22:30,2026-02-01 09:22:30
2025-03-14,Gurugram,32.8,18.0,24.9,0.0,0.0,18.1,3,,2026-02-01 09:22:30,2026-02-01 09:22:30
2025-03-15,Gurugram,30.4,18.4,23.7,0.2,0.2,17.3,51,,2026-02-01 09:22:30,2026-02-01 09:22:30
2025-03-16,Gurugram,29.0,16.8,22.4,0.0,0.0,13.9,1,,2026-02-01 09:22:30,2026-02-01 09:22:30
2025-03-17,Gurugram,26.9,15.1,21.5,0.0,0.0,16.6,3,,2026-02-01 09:22:30,2026-02-01 09:22:30
2025-03-18,Gurugram,28.5,14.6,21.6,0.0,0.0,13.1,2,,2026-02-01 09:22:30,2026-02-01 09:22:30
2025-03-19,Gurugram,30.5,15.3,23.4,0.0,0.0,12.5,2,,2026-02-01 09:22:30,2026-02-01 09:22:30
2025-03-20,Gurugram,31.3,17.5,24.2,0.0,0.0,14.4,1,,2026-02-01 09:22:30,2026-02-01 09:22:30
2025-03-21,Gurugram,30.6,16.4,23.5,0.0,0.0,18.0,0,,2026-02-01 09:22:30,2026-02-01 09:22:30
2025-03-22,Gurugram,30.9,15.9,23.7,0.0,0.0,16.3,1,,2026-02-01 09:22:30,2026-02-01 09:22:30
2025-03-23,Gurugram,31.6,16.6,24.5,0.0,0.0,10.1,0,,2026-02-01 09:22:30,2026-02-01 09:22:30
2025-03-24,Gurugram,33.1,16.7,25.8,0.0,0.0,11.2,0,,2026-02-01 09:22:30,2026-02-01 09:22:30
2025-03-25,Gurugram,35.1,19.2,27.6,0.0,0.0,13.7,0,,2026-02-01 09:22:30,2026-02-01 09:22:30
2025-03-26,Gurugram,37.0,20.1,28.6,0.0,0.0,11.7,0,,2026-02-01 09:22:30,2026-02-01 09:22:30
2025-03-27,Gurugram,34.9,21.0,28.2,0.0,0.0,15.1,2,,2026-02-01 09:22:30,2026-02-01 09:22:30
2025-03-28,Gurugram,29.9,19.2,24.2,0.0,0.0,18.9,0,,2026-02-01 09:22:30,2026-02-01 09:22:30
2025-03-29,Gurugram,27.8,13.9,21.2,0.0,0.0,19.5,3,,2026-02-01 09:22:30,2026-02-01 09:22:30
2025-03-30,Gurugram,30.3,15.1,23.1,0.0,0.0,16.0,3,,2026-02-01 09:22:30,2026-02-01 09:22:30
2025-03-31,Gurugram,32.5,14.9,24.2,0.0,0.0,15.2,0,,2026-02-01 09:22:30,2026-02-01 09:22:30
2025-04-01,Gurugram,32.4,16.9,24.9,0.0,0.0,17.0,0,,2026-02-01 09:22:30,2026-02-01 09:22:30
2025-04-02,Gurugram,34.8,16.6,26.5,0.0,0.0,12.0,0,,2026-02-01 09:22:30,2026-02-01 09:22:30
2025-04-03,Gurugram,36.8,18.5,28.2,0.0,0.0,12.5,3,,2026-02-01 09:22:30,2026-02-01 09:22:30
2025-04-04,Gurugram,36.0,20.0,28.4,0.0,0.0,14.4,0,,2026-02-01 09:22:30,2026-02-01 09:22:30
2025-04-05,Gurugram,34.0,18.9,27.2,0.0,0.0,16.4,1,,2026-02-01 09:22:30,2026-02-01 09:22:30
2025-04-06,Gurugram,37.0,19.4,29.0,0.0,0.0,11.8,2,,2026-02-01 09:22:30,2026-02-01 09:22:30
2025-04-07,Gurugram,39.7,23.3,31.8,0.0,0.0,14.3,2,,2026-02-01 09:22:30,2026-02-01 09:22:30
2025-04-08,Gurugram,39.8,24.6,32.5,0.0,0.0,14.7,3,,2026-02-01 09:22:30,2026-02-01 09:22:30
2025-04-09,Gurugram,40.4,25.9,33.0,0.0,0.0,18.1,2,,2026-02-01 09:22:30,2026-02-01 09:22:30
2025-04-10,Gurugram,38.5,24.6,31.0,1.7,1.7,31.6,61,,2026-02-01 09:22:30,2026-02-01 09:22:30
2025-04-11,Gurugram,35.3,22.1,27.0,8.6,8.6,30.3,63,,2026-02-01 09:22:30,2026-02-01 09:22:30
2025-04-12,Gurugram,34.8,20.0,26.5,0.0,0.0,13.0,3,,2026-02-01 09:22:30,2026-02-01 09:22:30
2025-04-13,Gurugram,35.8,21.3,29.0,0.0,0.0,14.8,0,,2026-02-01 09:22:30,2026-02-01 09:22:30
2025-04-14,Gurugram,35.6,23.2,29.6,0.0,0.0,15.1,0,,2026-02-01 09:22:30,2026-02-01 09:22:30
2025-04-15,Gurugram,36.3,24.0,30.4,0.0,0.0,16.0,1,,2026-02-01 09:22:30,2026-02-01 09:22:30
2025-04-16,Gurugram,37.7,24.7,31.5,0.0,0.0,13.4,1,,2026-02-01 09:22:30,2026-02-01 09:22:30
2025-04-17,Gurugram,40.4,25.1,32.7,0.0,0.0,16.6,3,,2026-02-01 09:22:30,2026-02-01 09:22:30
2025-04-18,Gurugram,40.5,24.6,32.7,0.0,0.0,30.0,2,,2026-02-01 09:22:30,2026-02-01 09:22:30
2025-04-19,Gurugram,40.2,26.5,32.6,0.0,0.0,20.5,0,,2026-02-01 09:22:30,2026-02-01 09:22:30
2025-04-20,Gurugram,40.3,26.1,33.1,0.0,0.0,18.3,1,,2026-02-01 09:22:30,2026-02-01 09:22:30
2025-04-21,Gurugram,39.8,24.4,32.5,0.0,0.0,15.2,3,,2026-02-01 09:22:30,2026-02-01 09:22:30
2025-04-22,Gurugram,38.8,22.0,31.0,0.0,0.0,13.8,0,,2026-02-01 09:22:30,2026-02-01 09:22:30
2025-04-23,Gurugram,38.7,22.0,30.7,0.0,0.0,15.2,0,,2026-02-01 09:22:30,2026-02-01 09:22:30
2025-04-24,Gurugram,39.8,22.3,31.4,0.0,0.0,13.0,0,,2026-02-01 09:22:30,2026-02-01 09:22:30
2025-04-25,Gurugram,40.7,23.2,32.7,0.0,0.0,15.5,1,,2026-02-01 09:22:30,2026-02-01 09:22:30
2025-04-26,Gurugram,40.6,22.8,32.9,0.0,0.0,21.1,3,,2026-02-01 09:22:30,2026-02-01 09:22:30
2025-04-27,Gurugram,40.2,26.9,33.3,0.0,0.0,16.8,3,,2026-02-01 09:22:30,2026-02-01 09:22:30
2025-04-28,Gurugram,40.6,23.9,32.5,0.0,0.0,18.6,1,,2026-02-01 09:22:30,2026-02-01 09:22:30
2025-04-29,Gurugram,38.0,25.1,31.2,0.0,0.0,19.0,1,,2026-02-01 09:22:30,2026-02-01 09:22:30
2025-04-30,Gurugram,37.3,26.1,31.4,0.0,0.0,15.1,3,,2026-02-01 09:22:30,2026-02-01 09:22:30
2025-05-01,Gurugram,37.7,25.9,31.8,0.0,0.0,18.7,3,,2026-02-01 09:22:30,2026-02-01 09:22:30
2025-05-02,Gurugram,29.6,21.5,26.4,11.9,11.9,18.0,63,,2026-02-01 09:22:30,2026-02-01 09:22:30
2025-05-03,Gurugram,35.0,22.8,28.4,0.7,0.7,21.6,51,,2026-02-01 09:22:30,2026-02-01 09:22:30
2025-05-04,Gurugram,35.2,23.8,29.0,2.5,2.5,14.4,61,,2026-02-01 09:22:30,2026-02-01 09:22:30
2025-05-05,Gurugram,35.8,24.0,28.6,0.2,0.2,16.1,51,,2026-02-01 09:22:30,2026-02-01 09:22:30
2025-05-06,Gurugram,34.1,22.2,27.7,0.7,0.7,17.2,53,,2026-02-01 09:22:30,2026-02-01 09:22:30
2025-05-07,Gurugram,34.5,24.0,28.3,0.5,0.5,14.0,53,,2026-02-01 09:22:30,2026-02-01 09:22:30
2025-05-08,Gurugram,33.6,23.9,28.3,0.7,0.7,14.5,53,,2026-02-01 09:22:30,2026-02-01 09:22:30
2025-05-09,Gurugram,35.9,24.1,29.8,0.2,0.2,11.4,51,,2026-02-01 09:22:30,2026-02-01 09:22:30
2025-05-10,Gurugram,36.5,24.9,29.8,0.6,0.6,11.1,51,,2026-02-01 09:22:30,2026-02-01 09:22:30
2025-05-11,Gurugram,37.9,24.1,31.1,0.0,0.0,16.5,1,,2026-02-01 09:22:30,2026-02-01 09:22:30
2025-05-12,Gurugram,39.0,24.1,31.7,0.0,0.0,14.3,1,,2026-02-01 09:22:30,2026-02-01 09:22:30
2025-05-13,Gurugram,40.7,26.0,32.9,0.0,0.0,21.9,2,,2026-02-01 09:22:30,2026-02-01 09:22:30
2025-05-14,Gurugram,40.2,25.5,32.9,0.0,0.0,14.8,1,,2026-02-01 09:22:30,2026-02-01 09:22:30
2025-05-15,Gurugram,41.0,26.0,33.7,0.0,0.0,13.6,0,,2026-02-01 09:22:30,2026-02-01 09:22:30
2025-05-16,Gurugram,42.2,26.6,34.4,0.0,0.0,23.2,1,,2026-02-01 09:22:30,2026-02-01 09:22:30
2025-05-17,Gurugram,41.8,28.6,34.5,0.0,0.0,22.8,1,,2026-02-01 09:22:30,2026-02-01 09:22:30
2025-05-18,Gurugram,41.8,28.4,34.7,0.0,0.0,16.2,1,,2026-02-01 09:22:30,2026-02-01 09:22:30
2025-05-19,Gurugram,40.5,26.9,33.8,0.0,0.0,16.1,0,,2026-02-01 09:22:30,2026-02-01 09:22:30
2025-05-20,Gurugram,42.4,27.5,34.4,0.0,0.0,21.6,3,,2026-02-01 09:22:30,2026-02-01 09:22:30
2025-05-21,Gurugram,41.7,28.0,34.3,0.0,0.0,23.4,3,,2026-02-01 09:22:30,2026-02-01 09:22:30
2025-05-22,Gurugram,37.0,25.2,31.5,0.0,0.0,18.4,0,,2026-02-01 09:22:30,2026-02-01 09:22:30
2025-05-23,Gurugram,37.9,26.5,32.3,0.0,0.0,17.5,3,,2026-02-01 09:22:30,2026-02-01 09:22:30
2025-05-24,Gurugram,37.2,28.2,33.0,0.5,0.5,19.7,51,,2026-02-01 09:22:30,2026-02-01 09:22:30
2025-05-25,Gurugram,32.8,23.1,28.9,0.3,0.3,21.4,51,,2026-02-01 09:22:30,2026-02-01 09:22:30
2025-05-26,Gurugram,35.7,24.3,29.9,0.2,0.2,16.3,51,,2026-02-01 09:22:30,2026-02-01 09:22:30
2025-05-27,Gurugram,35.7,26.2,30.9,0.0,0.0,10.7,1,,2026-02-01 09:22:30,2026-02-01 09:22:30
2025-05-28,Gurugram,37.5,27.0,32.1,0.0,0.0,11.7,1,,2026-02-01 09:22:30,2026-02-01 09:22:30
2025-05-29,Gurugram,39.2,26.9,32.8,0.0,0.0,12.1,3,,2026-02-01 09:22:30,2026-02-01 09:22:30
2025-05-30,Gurugram,35.7,26.6,30.9,0.0,0.0,13.5,3,,2026-02-01 09:22:30,2026-02-01 09:22:30
2025-05-31,Gurugram,38.1,26.1,30.8,0.5,0.5,21.0,51,,2026-02-01 09:22:30,2026-02-01 09:22:30
2025-06-01,Gurugram,36.5,25.5,30.1,4.4,4.4,21.4,63,,2026-02-01 09:22:30,2026-02-01 09:22:30
2025-06-02,Gurugram,36.0,25.1,29.8,0.0,0.0,14.8,3,,2026-02-01 09:22:30,2026-02-01 09:22:30
2025-06-03,Gurugram,32.6,24.4,28.3,0.0,0.0,12.2,3,,2026-02-01 09:22:30,2026-02-01 09:22:30
2025-06-04,Gurugram,34.5,23.4,27.5,0.1,0.1,12.7,51,,2026-02-01 09:22:30,2026-02-01 09:22:30
2025-06-05,Gurugram,34.5,22.4,28.6,0.0,0.0,9.6,2,,2026-02-01 09:22:30,2026-02-01 09:22:30
2025-06-06,Gurugram,35.3,24.0,30.0,0.0,0.0,11.2,1,,2026-02-01 09:22:30,2026-02-01 09:22:30
2025-06-07,Gurugram,37.8,25.5,31.7,0.0,0.0,13.4,0,,2026-02-01 09:22:30,2026-02-01 09:22:30
2025-06-08,Gurugram,40.3,26.9,33.6,0.0,0.0,10.3,0,,2026-02-01 09:22:30,2026-02-01 09:22:30
2025-06-09,Gurugram,41.3,26.8,34.5,0.0,0.0,17.1,0,,2026-02-01 09:22:30,2026-02-01 09:22:30
2025-06-10,Gurugram,41.0,28.0,34.5,0.0,0.0,14.5,0,,2026-02-01 09:22:30,2026-02-01 09:22:30
2025-06-11,Gurugram,41.5,27.0,34.8,0.0,0.0,15.9,0,,2026-02-01 09:22:30,2026-02-01 09:22:30
2025-06-12,Gurugram,42.0,29.0,35.5,0.0,0.0,14.7,1,,2026-02-01 09:22:30,2026-02-01 09:22:30
2025-06-13,Gurugram,40.5,30.0,35.1,0.0,0.0,14.1,3,,2026-02-01 09:22:30,2026-02-01 09:22:30
2025-06-14,Gurugram,40.8,29.1,34.7,0.0,0.0,13.7,0,,2026-02-01 09:22:30,2026-02-01 09:22:30
2025-06-15,Gurugram,37.0,28.5,32.7,0.3,0.3,21.0,51,,2026-02-01 09:22:30,2026-02-01 09:22:30
2025-06-16,Gurugram,32.2,25.0,29.3,16.6,16.6,18.2,63,,2026-02-01 09:22:30,2026-02-01 09:22:30
2025-06-17,Gurugram,34.5,24.8,29.3,19.6,19.6,11.4,63,,2026-02-01 09:22:30,2026-02-01 09:22:30
2025-06-18,Gurugram,33.7,23.9,29.1,7.2,7.2,9.8,61,,2026-02-01 09:22:30,2026-02-01 09:22:30
2025-06-19,Gurugram,33.2,27.2,29.8,0.4,0.4,12.5,51,,2026-02-01 09:22:30,2026-02-01 09:22:30
2025-06-20,Gurugram,32.2,24.9,28.7,5.3,5.3,15.0,63,,2026-02-01 09:22:30,2026-02-01 09:22:30
2025-06-21,Gurugram,35.0,26.1,30.4,0.4,0.4,9.9,51,,2026-02-01 09:22:30,2026-02-01 09:22:30
2025-06-22,Gurugram,35.0,27.5,31.0,1.1,1.1,11.8,53,,2026-02-01 09:22:30,2026-02-01 09:22:30
2025-06-23,Gurugram,35.4,27.3,31.0,0.1,0.1,14.7,51,,2026-02-01 09:22:30,2026-02-01 09:22:30
2025-06-24,Gurugram,35.1,27.0,30.8,0.7,0.7,11.0,51,,2026-02-01 09:22:30,2026-02-01 09:22:30
2025-06-25,Gurugram,33.0,26.0,29.5,27.4,27.4,13.9,65,,2026-02-01 09:22:30,2026-02-01 09:22:30
2025-06-26,Gurugram,34.8,26.2,30.9,7.9,7.9,14.2,63,,2026-02-01 09:22:30,2026-02-01 09:22:30
2025-06-27,Gurugram,34.2,27.9,30.7,1.8,1.8,15.3,53,,2026-02-01 09:22:30,2026-02-01 09:22:30
2025-06-28,Gurugram,35.0,25.5,30.4,9.5,9.5,14.4,63,,2026-02-01 09:22:30,2026-02-01 09:22:30
2025-06-29,Gurugram,33.5,26.0,29.5,10.1,10.1,16.2,63,,2026-02-01 09:22:30,2026-02-01 09:22:30
2025-06-30,Gurugram,32.8,24.9,28.1,21.4,21.4,13.7,65,,2026-02-01 09:22:30,2026-02-01 09:22:30
2025-07-01,Gurugram,33.5,25.4,28.6,5.6,5.6,11.2,61,,2026-02-01 09:22:30,2026-02-01 09:22:30
2025-07-02,Gurugram,33.5,26.6,29.8,0.5,0.5,11.3,51,,2026-02-01 09:22:30,2026-02-01 09:22:30
2025-07-03,Gurugram,33.8,26.3,30.0,0.6,0.6,12.4,51,,2026-02-01 09:22:30,2026-02-01 09:22:30
2025-07-04,Gurugram,34.2,26.4,30.2,0.9,0.9,10.9,51,,2026-02-01 09:22:30,2026-02-01 09:22:30
2025-07-05,Gurugram,34.7,26.1,30.4,2.8,2.8,9.3,61,,2026-02-01 09:22:30,2026-02-01 09:22:30
2025-07-06,Gurugram,34.8,26.2,30.2,9.0,9.0,9.6,63,,2026-02-01 09:22:30,2026-02-01 09:22:30
2025-07-07,Gurugram,33.3,25.4,28.8,16.9,16.9,7.9,65,,2026-02-01 09:22:30,2026-02-01 09:22:30
2025-07-08,Gurugram,34.0,26.5,30.6,0.4,0.4,13.4,51,,2026-02-01 09:22:30,2026-02-01 09:22:30
2025-07-09,Gurugram,32.0,26.5,29.2,10.6,10.6,10.3,65,,2026-02-01 09:22:30,2026-02-01 09:22:30
2025-07-10,Gurugram,29.6,25.0,27.0,3.8,3.8,11.1,53,,2026-02-01 09:22:30,2026-02-01 09:22:30
2025-07-11,Gurugram,31.0,25.4,28.0,0.2,0.2,7.3,51,,2026-02-01 09:22:30,2026-02-01 09:22:30
2025-07-12,Gurugram,33.5,25.3,29.1,0.6,0.6,10.2,51,,2026-02-01 09:22:30,2026-02-01 09:22:30
2025-07-13,Gurugram,32.3,25.6,27.9,17.9,17.9,15.1,65,,2026-02-01 09:22:30,2026-02-01 09:22:30
2025-07-14,Gurugram,30.9,25.5,27.8,9.9,9.9,22.2,63,,2026-02-01 09:22:30,2026-02-01 09:22:30
2025-07-15,Gurugram,31.8,25.4,28.0,3.0,3.0,22.0,55,,2026-02-01 09:22:30,2026-02-01 09:22:30
2025-07-16,Gurugram,32.2,25.5,28.6,1.2,1.2,14.4,53,,2026-02-01 09:22:30,2026-02-01 09:22:30
2025-07-17,Gurugram,31.1,26.3,28.4,2.4,2.4,15.4,61,,2026-02-01 09:22:30,2026-02-01 09:22:30
2025-07-18,Gurugram,31.3,26.0,28.2,5.1,5.1,22.6,63,,2026-02-01 09:22:30,2026-02-01 09:22:30
2025-07-19,Gurugram,32.5,25.9,28.8,0.0,0.0,20.5,3,,2026-02-01 09:22:30,2026-02-01 09:22:30
2025-07-20,Gurugram,34.0,25.8,29.7,0.0,0.0,9.3,3,,2026-02-01 09:22:30,2026-02-01 09:22:30
2025-07-21,Gurugram,30.7,26.3,28.4,0.6,0.6,7.6,51,,2026-02-01 09:22:30,2026-02-01 09:22:30
2025-07-22,Gurugram,33.6,25.9,29.4,0.5,0.5,8.9,51,,2026-02-01 09:22:30,2026-02-01 09:22:30
2025-07-23,Gurugram,32.4,26.8,28.9,2.8,2.8,14.0,55,,2026-02-01 09:22:30,2026-02-01 09:22:30
2025-07-24,Gurugram,34.5,24.4,30.0,11.5,11.5,12.3,65,,2026-02-01 09:22:30,2026-02-01 09:22:30
2025-07-25,Gurugram,34.8,25.8,30.8,0.0,0.0,12.7,3,,2026-02-01 09:22:30,2026-02-01 09:22:30
2025-07-26,Gurugram,33.7,26.4,30.0,0.6,0.6,7.7,51,,2026-02-01 09:22:30,2026-02-01 09:22:30
2025-07-27,Gurugram,34.1,27.6,30.5,0.4,0.4,11.2,51,,2026-02-01 09:22:30,2026-02-01 09:22:30
2025-07-28,Gurugram,34.6,27.1,30.7,0.2,0.2,10.2,51,,2026-02-01 09:22:30,2026-02-01 09:22:30
2025-07-29,Gurugram,32.7,26.8,28.8,3.2,3.2,7.5,61,,2026-02-01 09:22:30,2026-02-01 09:22:30
2025-07-30,Gurugram,31.4,26.1,27.8,8.7,8.7,10.5,63,,2026-02-01 09:22:30,2026-02-01 09:22:30
2025-07-31,Gurugram,31.1,24.9,27.0,27.9,27.9,12.2,63,,2026-02-01 09:22:30,2026-02-01 09:22:30
2025-08-01,Gurugram,32.2,25.5,28.2,5.6,5.6,13.4,63,,2026-02-01 09:22:30,2026-02-01 09:22:30
2025-08-02,Gurugram,32.4,25.7,29.0,1.3,1.3,12.6,53,,2026-02-01 09:22:30,2026-02-01 09:22:30
2025-08-03,Gurugram,33.3,26.5,29.6,0.5,0.5,15.7,51,,2026-02-01 09:22:30,2026-02-01 09:22:30
2025-08-04,Gurugram,30.6,26.6,28.4,0.3,0.3,18.4,51,,2026-02-01 09:22:30,2026-02-01 09:22:30
2025-08-05,Gurugram,31.3,27.0,28.2,2.0,2.0,14.8,61,,2026-02-01 09:22:30,2026-02-01 09:22:30
2025-08-06,Gurugram,32.5,25.9,28.6,1.1,1.1,11.2,53,,2026-02-01 09:22:30,2026-02-01 09:22:30
2025-08-07,Gurugram,33.8,25.5,29.7,0.0,0.0,14.8,3,,2026-02-01 09:22:30,2026-02-01 09:22:30
2025-08-08,Gurugram,33.5,26.0,29.7,0.0,0.0,14.3,3,,2026-02-01 09:22:30,2026-02-01 09:22:30
2025-08-09,Gurugram,30.6,25.6,27.8,4.8,4.8,9.9,61,,2026-02-01 09:22:30,2026-02-01 09:22:30
2025-08-10,Gurugram,32.5,25.5,29.0,0.8,0.8,7.6,51,,2026-02-01 09:22:30,2026-02-01 09:22:30
2025-08-11,Gurugram,33.7,26.4,29.5,1.2,1.2,14.5,53,,2026-02-01 09:22:30,2026-02-01 09:22:30
2025-08-12,Gurugram,33.1,25.4,29.0,11.1,11.1,10.4,63,,2026-02-01 09:22:30,2026-02-01 09:22:30
2025-08-13,Gurugram,33.0,26.3,30.0,0.1,0.1,9.9,51,,2026-02-01 09:22:30,2026-02-01 09:22:30
2025-08-14,Gurugram,29.1,26.0,27.5,7.0,7.0,9.9,61,,2026-02-01 09:22:30,2026-02-01 09:22:30
2025-08-15,Gurugram,31.6,25.3,28.3,2.6,2.6,8.4,53,,2026-02-01 09:22:30,2026-02-01 09:22:30
2025-08-16,Gurugram,31.5,26.1,28.7,5.5,5.5,9.4,63,,2026-02-01 09:22:30,2026-02-01 09:22:30
2025-08-17,Gurugram,32.2,27.0,29.1,1.7,1.7,13.8,53,,2026-02-01 09:22:30,2026-02-01 09:22:30
2025-08-18,Gurugram,32.0,26.9,29.2,3.3,3.3,14.2,61,,2026-02-01 09:22:30,2026-02-01 09:22:30
2025-08-19,Gurugram,32.0,26.2,29.1,4.8,4.8,11.5,63,,2026-02-01 09:22:30,2026-02-01 09:22:30
2025-08-20,Gurugram,32.8,25.9,29.2,5.0,5.0,14.3,63,,2026-02-01 09:22:30,2026-02-01 09:22:30
2025-08-21,Gurugram,32.3,25.1,28.8,14.2,14.2,13.0,65,,2026-02-01 09:22:30,2026-02-01 09:22:30
2025-08-22,Gurugram,32.5,24.6,28.5,7.8,7.8,9.8,61,,2026-02-01 09:22:30,2026-02-01 09:22:30
2025-08-23,Gurugram,32.0,24.9,27.8,11.1,11.1,11.4,63,,2026-02-01 09:22:30,2026-02-01 09:22:30
2025-08-24,Gurugram,31.7,25.0,27.4,10.2,10.2,16.2,63,,2026-02-01 09:22:30,2026-02-01 09:22:30
2025-08-25,Gurugram,28.5,24.2,26.1,31.5,31.5,17.8,65,,2026-02-01 09:22:30,2026-02-01 09:22:30
2025-08-26,Gurugram,30.4,24.5,27.1,6.8,6.8,19.1,63,,2026-02-01 09:22:30,2026-02-01 09:22:30
2025-08-27,Gurugram,32.7,25.0,28.4,1.1,1.1,11.6,51,,2026-02-01 09:22:30,2026-02-01 09:22:30
2025-08-28,Gurugram,32.3,25.3,28.8,0.2,0.2,10.4,51,,2026-02-01 09:22:30,2026-02-01 09:22:30
2025-08-29,Gurugram,31.5,25.0,28.0,16.0,16.0,13.3,65,,2026-02-01 09:22:30,2026-02-01 09:22:30
2025-08-30,Gurugram,32.0,25.8,28.4,3.2,3.2,15.2,61,,2026-02-01 09:22:30,2026-02-01 09:22:30
2025-08-31,Gurugram,30.0,25.2,26.8,16.5,16.5,15.4,63,,2026-02-01 09:22:30,2026-02-01 09:22:30
2025-09-01,Gurugram,30.0,23.7,25.7,36.6,36.6,20.3,65,,2026-02-01 09:22:30,2026-02-01 09:22:30
2025-09-02,Gurugram,29.4,23.6,25.1,20.1,20.1,19.1,63,,2026-02-01 09:22:30,2026-02-01 09:22:30
2025-09-03,Gurugram,30.6,24.0,26.2,8.4,8.4,14.4,63,,2026-02-01 09:22:30,2026-02-01 09:22:30
2025-09-04,Gurugram,31.6,24.0,27.1,12.6,12.6,11.2,63,,2026-02-01 09:22:30,2026-02-01 09:22:30
2025-09-05,Gurugram,31.3,25.2,27.5,9.0,9.0,19.2,63,,2026-02-01 09:22:30,2026-02-01 09:22:30
2025-09-06,Gurugram,31.5,24.3,27.7,9.7,9.7,17.0,63,,2026-02-01 09:22:30,2026-02-01 09:22:30
2025-09-07,Gurugram,31.7,24.5,27.9,2.2,2.2,13.8,53,,2026-02-01 09:22:30,2026-02-01 09:22:30
2025-09-08,Gurugram,32.5,25.0,28.6,0.1,0.1,9.3,51,,2026-02-01 09:22:30,2026-02-01 09:22:30
2025-09-09,Gurugram,32.2,25.1,28.7,0.3,0.3,11.8,51,,2026-02-01 09:22:30,2026-02-01 09:22:30
2025-09-10,Gurugram,32.5,25.3,28.7,0.0,0.0,18.0,2,,2026-02-01 09:22:30,2026-02-01 09:22:30
2025-09-11,Gurugram,31.9,24.1,28.0,0.0,0.0,18.0,3,,2026-02-01 09:22:30,2026-02-01 09:22:30
2025-09-12,Gurugram,32.0,23.8,28.0,0.2,0.2,13.9,51,,2026-02-01 09:22:30,2026-02-01 09:22:30
2025-09-13,Gurugram,32.5,25.1,28.6,0.0,0.0,10.9,3,,2026-02-01 09:22:30,2026-02-01 09:22:30
2025-09-14,Gurugram,33.9,25.1,29.6,0.0,0.0,9.6,3,,2026-02-01 09:22:30,2026-02-01 09:22:30
2025-09-15,Gurugram,34.3,25.7,29.8,0.0,0.0,12.7,3,,2026-02-01 09:22:30,2026-02-01 09:22:30
2025-09-16,Gurugram,34.0,25.0,29.4,0.0,0.0,11.4,3,,2026-02-01 09:22:30,2026-02-01 09:22:30
2025-09-17,Gurugram,34.5,24.9,29.5,0.1,0.1,10.7,51,,2026-02-01 09:22:30,2026-02-01 09:22:30
2025-09-18,Gurugram,33.5,24.5,28.9,1.1,1.1,11.2,53,,2026-02-01 09:22:30,2026-02-01 09:22:30
2025-09-19,Gurugram,33.8,25.3,29.6,0.9,0.9,14.4,53,,2026-02-01 09:22:30,2026-02-01 09:22:30
2025-09-20,Gurugram,34.6,25.0,29.8,0.0,0.0,15.8,1,,2026-02-01 09:22:30,2026-02-01 09:22:30
2025-09-21,Gurugram,35.2,23.5,29.4,0.0,0.0,16.2,0,,2026-02-01 09:22:30,2026-02-01 09:22:30
2025-09-22,Gurugram,35.5,23.8,29.6,0.0,0.0,17.6,0,,2026-02-01 09:22:30,2026-02-01 09:22:30
2025-09-23,Gurugram,35.2,24.0,29.4,0.0,0.0,19.9,1,,2026-02-01 09:22:30,2026-02-01 09:22:30
2025-09-24,Gurugram,35.0,23.5,29.3,0.0,0.0,18.5,0,,2026-02-01 09:22:30,2026-02-01 09:22:30
2025-09-25,Gurugram,34.8,23.5,29.1,0.0,0.0,16.0,0,,2026-02-01 09:22:30,2026-02-01 09:22:30
2025-09-26,Gurugram,35.5,23.4,29.5,0.0,0.0,16.7,0,,2026-02-01 09:22:30,2026-02-01 09:22:30
2025-09-27,Gurugram,36.8,24.8,30.6,0.4,0.4,11.6,51,,2026-02-01 09:22:30,2026-02-01 09:22:30
2025-09-28,Gurugram,35.5,27.4,31.0,0.0,0.0,14.5,1,,2026-02-01 09:22:30,2026-02-01 09:22:30
2025-09-29,Gurugram,34.9,26.5,30.5,0.0,0.0,11.7,1,,2026-02-01 09:22:30,2026-02-01 09:22:30
2025-09-30,Gurugram,32.8,23.8,28.8,5.5,5.5,12.9,63,,2026-02-01 09:22:30,2026-02-01 09:22:30
2025-10-01,Gurugram,32.1,24.2,27.5,2.5,2.5,11.4,61,,2026-02-01 09:22:30,2026-02-01 09:22:30
2025-10-02,Gurugram,31.7,22.9,27.3,0.8,0.8,14.5,53,,2026-02-01 09:22:30,2026-02-01 09:22:30
2025-10-03,Gurugram,31.9,24.5,27.8,0.2,0.2,9.0,51,,2026-02-01 09:22:30,2026-02-01 09:22:30
2025-10-04,Gurugram,33.0,24.1,28.3,0.9,0.9,12.9,53,,2026-02-01 09:22:30,2026-02-01 09:22:30
2025-10-05,Gurugram,32.6,23.1,27.7,0.0,0.0,14.8,3,,2026-02-01 09:22:30,2026-02-01 09:22:30
2025-10-06,Gurugram,25.9,21.5,23.0,12.8,12.8,12.5,61,,2026-02-01 09:22:30,2026-02-01 09:22:30
2025-10-07,Gurugram,29.0,20.0,23.4,7.3,7.3,16.0,63,,2026-02-01 09:22:30,2026-02-01 09:22:30
2025-10-08,Gurugram,26.0,19.9,22.6,0.4,0.4,10.2,51,,2026-02-01 09:22:30,2026-02-01 09:22:30
2025-10-09,Gurugram,28.0,19.1,23.2,0.2,0.2,11.7,51,,2026-02-01 09:22:30,2026-02-01 09:22:30
2025-10-10,Gurugram,28.5,18.5,23.0,0.0,0.0,9.0,0,,2026-02-01 09:22:30,2026-02-01 09:22:30
2025-10-11,Gurugram,28.8,18.4,23.4,0.0,0.0,10.8,2,,2026-02-01 09:22:30,2026-02-01 09:22:30
2025-10-12,Gurugram,29.9,19.9,24.3,0.0,0.0,10.8,3,,2026-02-01 09:22:30,2026-02-01 09:22:30
2025-10-13,Gurugram,30.1,19.0,24.2,0.0,0.0,7.0,0,,2026-02-01 09:22:30,2026-02-01 09:22:30
2025-10-14,Gurugram,30.0,19.2,24.2,0.0,0.0,5.8,0,,2026-02-01 09:22:30,2026-02-01 09:22:30
2025-10-15,Gurugram,30.0,18.4,24.1,0.0,0.0,10.2,0,,2026-02-01 09:22:30,2026-02-01 09:22:30
2025-10-16,Gurugram,30.0,18.2,23.8,0.0,0.0,6.0,0,,2026-02-01 09:22:30,2026-02-01 09:22:30
2025-10-17,Gurugram,30.4,18.2,24.0,0.0,0.0,6.4,0,,2026-02-01 09:22:30,2026-02-01 09:22:30
2025-10-18,Gurugram,30.7,18.8,24.5,0.0,0.0,7.6,0,,2026-02-01 09:22:30,2026-02-01 09:22:30
2025-10-19,Gurugram,31.0,19.8,25.1,0.0,0.0,6.6,0,,2026-02-01 09:22:30,2026-02-01 09:22:30
2025-10-20,Gurugram,31.0,19.4,25.3,0.0,0.0,7.3,1,,2026-02-01 09:22:30,2026-02-01 09:22:30
2025-10-21,Gurugram,28.9,21.3,24.9,1.1,1.1,9.9,53,,2026-02-01 09:22:30,2026-02-01 09:22:30
2025-10-22,Gurugram,30.3,20.9,24.8,0.0,0.0,9.3,1,,2026-02-01 09:22:30,2026-02-01 09:22:30
2025-10-23,Gurugram,30.1,18.0,23.4,0.0,0.0,9.6,0,,2026-02-01 09:22:30,2026-02-01 09:22:30
2025-10-24,Gurugram,29.6,17.4,23.0,0.0,0.0,7.6,0,,2026-02-01 09:22:30,2026-02-01 09:22:30
2025-10-25,Gurugram,29.2,17.2,22.8,0.0,0.0,7.9,0,,2026-02-01 09:22:30,2026-02-01 09:22:30
2025-10-26,Gurugram,29.2,17.8,22.9,0.0,0.0,9.5,3,,2026-02-01 09:22:30,2026-02-01 09:22:30
2025-10-27,Gurugram,28.2,17.2,22.1,0.0,0.0,14.7,3,,2026-02-01 09:22:30,2026-02-01 09:22:30
2025-10-28,Gurugram,24.8,19.1,21.5,0.2,0.2,8.3,51,,2026-02-01 09:22:30,2026-02-01 09:22:30
2025-10-29,Gurugram,27.5,18.0,22.5,0.0,0.0,9.6,3,,2026-02-01 09:22:30,2026-02-01 09:22:30
2025-10-30,Gurugram,26.1,20.8,23.0,0.0,0.0,7.4,3,,2026-02-01 09:22:30,2026-02-01 09:22:30
2025-10-31,Gurugram,28.2,20.8,23.9,0.5,0.5,8.6,51,,2026-02-01 09:22:30,2026-02-01 09:22:30
2025-11-01,Gurugram,29.4,19.1,23.6,0.0,0.0,9.6,3,,2026-02-01 09:22:30,2026-02-01 09:22:30
2025-11-02,Gurugram,28.6,18.0,22.7,0.0,0.0,14.3,0,,2026-02-01 09:22:30,2026-02-01 09:22:30
2025-11-03,Gurugram,29.8,16.5,22.2,0.0,0.0,15.3,0,,2026-02-01 09:22:30,2026-02-01 09:22:30
2025-11-04,Gurugram,28.7,17.9,22.5,0.1,0.1,11.9,51,,2026-02-01 09:22:30,2026-02-01 09:22:30
2025-11-05,Gurugram,29.0,18.3,22.6,0.0,0.0,11.6,1,,2026-02-01 09:22:30,2026-02-01 09:22:30
2025-11-06,Gurugram,24.5,14.1,18.9,0.0,0.0,13.9,0,,2026-02-01 09:22:30,2026-02-01 09:22:30
2025-11-07,Gurugram,25.6,12.8,18.2,0.0,0.0,11.5,0,,2026-02-01 09:22:30,2026-02-01 09:22:30
2025-11-08,Gurugram,25.3,11.9,18.0,0.0,0.0,13.4,0,,2026-02-01 09:22:30,2026-02-01 09:22:30
2025-11-09,Gurugram,25.0,11.7,17.8,0.0,0.0,10.0,0,,2026-02-01 09:22:30,2026-02-01 09:22:30
2025-11-10,Gurugram,25.4,11.6,17.8,0.0,0.0,8.5,3,,2026-02-01 09:22:30,2026-02-01 09:22:30
2025-11-11,Gurugram,25.5,11.2,17.7,0.0,0.0,10.8,0,,2026-02-01 09:22:30,2026-02-01 09:22:30
2025-11-12,Gurugram,26.0,11.6,18.1,0.0,0.0,14.2,0,,2026-02-01 09:22:30,2026-02-01 09:22:30
2025-11-13,Gurugram,24.6,11.1,17.1,0.0,0.0,10.4,0,,2026-02-01 09:22:30,2026-02-01 09:22:30
2025-11-14,Gurugram,24.5,11.1,17.0,0.0,0.0,10.0,0,,2026-02-01 09:22:30,2026-02-01 09:22:30
2025-11-15,Gurugram,25.0,10.6,17.0,0.0,0.0,10.8,0,,2026-02-01 09:22:30,2026-02-01 09:22:30
2025-11-16,Gurugram,24.9,10.4,16.8,0.0,0.0,12.0,0,,2026-02-01 09:22:30,2026-02-01 09:22:30
2025-11-17,Gurugram,24.4,10.1,16.6,0.0,0.0,8.0,0,,2026-02-01 09:22:30,2026-02-01 09:22:30
2025-11-18,Gurugram,24.5,9.9,16.8,0.0,0.0,9.5,0,,2026-02-01 09:22:30,2026-02-01 09:22:30
2025-11-19,Gurugram,24.7,10.8,17.4,0.0,0.0,5.2,3,,2026-02-01 09:22:30,2026-02-01 09:22:30
2025-11-20,Gurugram,24.8,12.4,17.8,0.0,0.0,7.0,0,,2026-02-01 09:22:30,2026-02-01 09:22:30
2025-11-21,Gurugram,25.1,12.4,18.2,0.0,0.0,7.5,0,,2026-02-01 09:22:30,2026-02-01 09:22:30
2025-11-22,Gurugram,24.8,12.1,18.1,0.0,0.0,7.5,0,,2026-02-01 09:22:30,2026-02-01 09:22:30
2025-11-23,Gurugram,24.5,11.4,17.0,0.0,0.0,6.8,0,,2026-02-01 09:22:30,2026-02-01 09:22:30
2025-11-24,Gurugram,23.2,10.2,16.1,0.0,0.0,5.3,0,,2026-02-01 09:22:30,2026-02-01 09:22:30
2025-11-25,Gurugram,22.5,9.6,15.4,0.0,0.0,9.4,0,,2026-02-01 09:22:30,2026-02-01 09:22:30
2025-11-26,Gurugram,22.0,9.1,15.0,0.0,0.0,6.4,0,,2026-02-01 09:22:30,2026-02-01 09:22:30
2025-11-27,Gurugram,22.6,9.6,15.5,0.0,0.0,6.0,0,,2026-02-01 09:22:30,2026-02-01 09:22:30
2025-11-28,Gurugram,22.8,9.3,15.6,0.0,0.0,8.2,2,,2026-02-01 09:22:30,2026-02-01 09:22:30
2025-11-29,Gurugram,24.1,11.4,16.7,0.0,0.0,10.8,0,,2026-02-01 09:22:30,2026-02-01 09:22:30
2025-11-30,Gurugram,22.4,9.6,15.3,0.0,0.0,12.2,3,,2026-02-01 09:22:30,2026-02-01 09:22:30
2025-12-01,Gurugram,23.2,7.8,15.1,0.0,0.0,8.6,0,,2026-02-01 09:22:30,2026-02-01 09:22:30
2025-12-02,Gurugram,23.8,12.1,16.8,0.0,0.0,9.7,0,,2026-02-01 09:22:30,2026-02-01 09:22:30
2025-12-03,Gurugram,21.5,8.3,14.2,0.0,0.0,10.6,3,,2026-02-01 09:22:30,2026-02-01 09:22:30
2025-12-04,Gurugram,20.6,7.5,13.4,0.0,0.0,12.0,3,,2026-02-01 09:22:30,2026-02-01 09:22:30
2025-12-05,Gurugram,20.5,6.8,13.2,0.0,0.0,8.7,0,,2026-02-01 09:22:30,2026-02-01 09:22:30
2025-12-06,Gurugram,22.0,8.3,14.2,0.0,0.0,13.7,3,,2026-02-01 09:22:30,2026-02-01 09:22:30
2025-12-07,Gurugram,22.6,8.8,15.1,0.0,0.0,10.8,3,,2026-02-01 09:22:30,2026-02-01 09:22:30
2025-12-08,Gurugram,23.5,9.8,15.9,0.0,0.0,13.0,3,,2026-02-01 09:22:30,2026-02-01 09:22:30
2025-12-09,Gurugram,23.1,9.6,15.6,0.0,0.0,12.7,0,,2026-02-01 09:22:30,2026-02-01 09:22:30
2025-12-10,Gurugram,22.8,9.6,15.4,0.0,0.0,11.0,3,,2026-02-01 09:22:30,2026-02-01 09:22:30
2025-12-11,Gurugram,23.4,9.5,15.6,0.0,0.0,9.8,0,,2026-02-01 09:22:30,2026-02-01 09:22:30
2025-12-12,Gurugram,22.9,8.4,15.1,0.0,0.0,6.7,3,,2026-02-01 09:22:30,2026-02-01 09:22:30
2025-12-13,Gurugram,23.4,9.7,16.0,0.0,0.0,7.4,3,,2026-02-01 09:22:30,2026-02-01 09:22:30
2025-12-14,Gurugram,23.0,10.7,16.1,0.0,0.0,8.0,3,,2026-02-01 09:22:30,2026-02-01 09:22:30
2025-12-15,Gurugram,22.0,8.6,14.6,0.0,0.0,10.4,3,,2026-02-01 09:22:30,2026-02-01 09:22:30
2025-12-16,Gurugram,21.9,9.6,15.1,0.0,0.0,13.7,0,,2026-02-01 09:22:30,2026-02-01 09:22:30
2025-12-17,Gurugram,22.5,9.9,15.4,0.0,0.0,11.4,0,,2026-02-01 09:22:30,2026-02-01 09:22:30
2025-12-18,Gurugram,21.0,9.2,14.6,0.0,0.0,9.6,3,,2026-02-01 09:22:30,2026-02-01 09:22:30
2025-12-19,Gurugram,20.4,9.4,13.9,0.0,0.0,8.3,3,,2026-02-01 09:22:30,2026-02-01 09:22:30
2025-12-20,Gurugram,21.2,8.2,14.1,0.0,0.0,11.0,3,,2026-02-01 09:22:30,2026-02-01 09:22:30
2025-12-21,Gurugram,19.5,10.4,13.7,0.0,0.0,9.4,3,,2026-02-01 09:22:30,2026-02-01 09:22:30
2025-12-22,Gurugram,20.4,10.9,14.4,0.0,0.0,8.3,3,,2026-02-01 09:22:30,2026-02-01 09:22:30
2025-12-23,Gurugram,21.8,10.2,14.9,0.0,0.0,12.5,3,,2026-02-01 09:22:30,2026-02-01 09:22:30
2025-12-24,Gurugram,19.9,9.9,14.4,0.0,0.0,14.1,0,,2026-02-01 09:22:30,2026-02-01 09:22:30
2025-12-25,Gurugram,19.7,7.8,13.2,0.0,0.0,8.8,3,,2026-02-01 09:22:30,2026-02-01 09:22:30
2025-12-26,Gurugram,19.9,8.1,13.3,0.0,0.0,9.5,3,,2026-02-01 09:22:30,2026-02-01 09:22:30
2025-12-27,Gurugram,19.4,7.8,12.9,0.0,0.0,8.2,3,,2026-02-01 09:22:30,2026-02-01 09:22:30
2025-12-28,Gurugram,19.5,6.6,12.8,0.0,0.0,6.5,3,,2026-02-01 09:22:30,2026-02-01 09:22:30
2025-12-29,Gurugram,18.7,7.3,12.1,0.0,0.0,5.4,3,,2026-02-01 09:22:30,2026-02-01 09:22:30
2025-12-30,Gurugram,19.4,7.7,12.7,0.0,0.0,7.3,3,,2026-02-01 09:22:30,2026-02-01 09:22:30
2025-12-31,Gurugram,18.9,7.8,12.3,0.0,0.0,13.7,3,,2026-02-01 09:22:30,2026-02-01 09:22:30
2026-01-01,Gurugram,16.5,9.9,12.7,0.1,0.1,12.3,51,,2026-02-01 09:22:30,2026-02-01 09:22:30
2026-01-02,Gurugram,16.7,9.0,13.0,0.0,0.0,12.1,3,,2026-02-01 09:22:30,2026-02-01 09:22:30
2026-01-03,Gurugram,16.0,8.2,11.7,0.1,0.1,8.7,51,,2026-02-01 09:22:30,2026-02-01 09:22:30
2026-01-04,Gurugram,16.3,6.7,11.2,0.0,0.0,10.2,3,,2026-02-01 09:22:30,2026-02-01 09:22:30
2026-01-05,Gurugram,16.5,6.3,11.2,0.0,0.0,8.8,3,,2026-02-01 09:22:30,2026-02-01 09:22:30
2026-01-06,Gurugram,16.5,6.9,10.9,0.0,0.0,11.2,3,,2026-02-01 09:22:30,2026-02-01 09:22:30
2026-01-07,Gurugram,14.8,6.6,9.8,0.0,0.0,10.7,3,,2026-02-01 09:22:30,2026-02-01 09:22:30
2026-01-08,Gurugram,13.7,6.8,9.3,0.0,0.0,9.8,3,,2026-02-01 09:22:30,2026-02-01 09:22:30
2026-01-09,Gurugram,17.3,6.8,11.1,0.1,0.1,9.4,51,,2026-02-01 09:22:30,2026-02-01 09:22:30
2026-01-10,Gurugram,16.4,5.9,10.3,0.0,0.0,10.1,3,,2026-02-01 09:22:30,2026-02-01 09:22:30
2026-01-11,Gurugram,15.8,4.3,9.4,0.0,0.0,11.5,3,,2026-02-01 09:22:30,2026-02-01 09:22:30
2026-01-12,Gurugram,16.5,2.1,9.2,0.0,0.0,9.3,3,,2026-02-01 09:22:30,2026-02-01 09:22:30
2026-01-13,Gurugram,18.2,3.3,10.5,0.0,0.0,9.5,3,,2026-02-01 09:22:30,2026-02-01 09:22:30
2026-01-14,Gurugram,16.6,4.1,9.6,0.0,0.0,9.9,3,,2026-02-01 09:22:30,2026-02-01 09:22:30
2026-01-15,Gurugram,17.0,4.0,9.8,0.0,0.0,10.9,3,,2026-02-01 09:22:30,2026-02-01 09:22:30
2026-01-16,Gurugram,20.0,4.6,11.7,0.0,0.0,9.2,3,,2026-02-01 09:22:30,2026-02-01 09:22:30
2026-01-17,Gurugram,21.8,7.4,13.7,0.0,0.0,8.0,3,,2026-02-01 09:22:30,2026-02-01 09:22:30
2026-01-18,Gurugram,21.0,8.1,14.1,0.0,0.0,10.2,3,,2026-02-01 09:22:30,2026-02-01 09:22:30
2026-01-19,Gurugram,23.2,10.6,16.0,0.0,0.0,11.4,3,,2026-02-01 09:22:30,2026-02-01 09:22:30
2026-01-20,Gurugram,23.2,8.6,15.4,0.0,0.0,8.0,1,,2026-02-01 09:22:30,2026-02-01 09:22:30
2026-01-21,Gurugram,22.0,8.2,14.6,0.0,0.0,9.2,3,,2026-02-01 09:22:30,2026-02-01 09:22:30
2026-01-22,Gurugram,23.8,7.3,15.7,0.0,0.0,20.4,3,,2026-02-01 09:22:30,2026-02-01 09:22:30
2026-01-23,Gurugram,17.6,11.6,15.0,21.3,21.3,22.9,65,,2026-02-01 09:22:30,2026-02-01 09:22:30
2026-01-24,Gurugram,15.9,6.8,10.9,0.0,0.0,14.1,3,,2026-02-01 09:22:30,2026-02-01 09:22:30
2026-01-25,Gurugram,15.6,5.0,9.9,0.0,0.0,12.6,3,"{""time"": [""2026-01-25"", ""2026-01-26"", ""2026-01-27"", ""2026-01-28"", ""2026-01-29"", ""2026-01-30"", ""2026-01-31""], ""temperature_2m_max"": [16.6, 18.7, 17.9, 18.4, 17.7, 18.3, 19.1], ""temperature_2m_min"": [5.0, 5.0, 8.8, 10.2, 8.5, 7.9, 7.2], ""precipitation_sum"": [0.0, 0.0, 5.8, 0.0, 0.0, 0.0, 0.0], ""weather_code"": [3, 45, 80, 45, 45, 45, 45]}",2026-02-01 09:22:30,2026-02-01 09:22:31
2026-01-26,Gurugram,18.5,4.2,11.2,0.0,0.0,8.1,3,"{""time"": [""2026-01-26"", ""2026-01-27"", ""2026-01-28"", ""2026-01-29"", ""2026-01-30"", ""2026-01-31"", ""2026-02-01""], ""temperature_2m_max"": [18.7, 17.9, 18.4, 17.7, 18.3, 19.1, 20.6], ""temperature_2m_min"": [5.0, 8.8, 10.2, 8.5, 7.9, 7.2, 12.3], ""precipitation_sum"": [0.0, 5.8, 0.0, 0.0, 0.0, 0.0, 7.8], ""weather_code"": [45, 80, 45, 45, 45, 45, 95]}",2026-02-02 16:50:21,2026-02-02 16:50:23
2026-01-27,Gurugram,19.8,10.9,14.3,10.8,10.8,18.7,63,"{""time"": [""2026-01-27"", ""2026-01-28"", ""2026-01-29"", ""2026-01-30"", ""2026-01-31"", ""2026-02-01"", ""2026-02-02""], ""temperature_2m_max"": [17.9, 18.4, 17.7, 18.3, 19.1, 20.6, 20.0], ""temperature_2m_min"": [8.8, 10.2, 8.5, 7.9, 7.2, 12.3, 11.5], ""precipitation_sum"": [5.8, 0.0, 0.0, 0.0, 0.0, 7.8, 0.0], ""weather_code"": [80, 45, 45, 45, 45, 95, 45]}",2026-02-03 12:06:07,2026-02-03 12:06:08
2026-01-28,Gurugram,18.4,10.4,13.8,0.2,0.2,11.4,51,"{""time"": [""2026-01-28"", ""2026-01-29"", ""2026-01-30"", ""2026-01-31"", ""2026-02-01"", ""2026-02-02"", ""2026-02-03""], ""temperature_2m_max"": [18.4, 17.7, 18.3, 19.1, 20.6, 20.0, 18.9], ""temperature_2m_min"": [10.2, 8.5, 7.9, 7.2, 12.3, 11.5, 8.6], ""precipitation_sum"": [0.0, 0.0, 0.0, 0.0, 7.8, 0.0, 0.0], ""weather_code"": [45, 45, 45, 45, 95, 45, 45]}",2026-02-03 12:06:07,2026-02-03 12:06:10
2026-01-29,Gurugram,18.0,9.0,12.4,0.0,0.0,10.8,3,"{""time"": [""2026-01-29"", ""2026-01-30"", ""2026-01-31"", ""2026-02-01"", ""2026-02-02"", ""2026-02-03"", ""2026-02-04""], ""temperature_2m_max"": [17.7, 18.3, 19.1, 20.6, 20.0, 18.9, 20.2], ""temperature_2m_min"": [8.5, 7.9, 7.2, 12.3, 11.5, 8.6, 9.0], ""precipitation_sum"": [0.0, 0.0, 0.0, 7.8, 0.0, 0.0, 0.0], ""weather_code"": [45, 45, 45, 95, 45, 45, 45]}",2026-02-03 12:06:07,2026-02-03 12:06:11
2026-01-30,Gurugram,19.0,7.2,12.7,0.0,0.0,7.9,3,"{""time"": [""2026-01-30"", ""2026-01-31"", ""2026-02-01"", ""2026-02-02"", ""2026-02-03"", ""2026-02-04"", ""2026-02-05""], ""temperature_2m_max"": [18.3, 19.1, 20.6, 20.0, 18.9, 20.2, 20.4], ""temperature_2m_min"": [7.9, 7.2, 12.3, 11.5, 8.6, 9.0, 8.2], ""precipitation_sum"": [0.0, 0.0, 7.8, 0.0, 0.0, 0.0, 0.0], ""weather_code"": [45, 45, 95, 45, 45, 45, 1]}",2026-02-03 12:06:07,2026-02-03 12:06:13
2026-01-31,Gurugram,20.0,7.6,13.7,0.0,0.0,14.4,3,"{""time"": [""2026-01-31"", ""2026-02-01"", ""2026-02-02"", ""2026-02-03"", ""2026-02-04"", ""2026-02-05"", ""2026-02-06""], ""temperature_2m_max"": [19.1, 20.6, 20.0, 18.9, 20.2, 20.4, 21.4], ""temperature_2m_min"": [7.2, 12.3, 11.5, 8.6, 9.0, 8.2, 8.1], ""precipitation_sum"": [0.0, 7.8, 0.0, 0.0, 0.0, 0.0, 0.0], ""weather_code"": [45, 95, 45, 45, 45, 1, 1]}",2026-02-03 12:06:07,2026-02-03 12:06:14
2026-02-01,Gurugram,20.4,11.9,15.6,45.5,45.5,16.5,65,"{""time"": [""2026-02-01"", ""2026-02-02"", ""2026-02-03"", ""2026-02-04"", ""2026-02-05"", ""2026-02-06"", ""2026-02-07""], ""temperature_2m_max"": [20.6, 20.0, 18.9, 20.2, 20.4, 21.4, 21.9], ""temperature_2m_min"": [12.3, 11.5, 8.6, 9.0, 8.2, 8.1, 10.9], ""precipitation_sum"": [7.8, 0.0, 0.0, 0.0, 0.0, 0.0, 0.0], ""weather_code"": [95, 45, 45, 45, 1, 1, 3]}",2026-02-03 12:06:07,2026-02-03 12:06:16
2026-02-02,Gurugram,19.4,11.2,14.2,0.0,0.0,10.5,3,"{""time"": [""2026-02-02"", ""2026-02-03"", ""2026-02-04"", ""2026-02-05"", ""2026-02-06"", ""2026-02-07"", ""2026-02-08""], ""temperature_2m_max"": [20.0, 18.9, 20.2, 20.4, 21.4, 21.9, 22.8], ""temperature_2m_min"": [11.5, 8.6, 9.0, 8.2, 8.1, 10.9, 10.8], ""precipitation_sum"": [0.0, 0.0, 0.0, 0.0, 0.0, 0.0, 0.0], ""weather_code"": [45, 45, 45, 1, 1, 3, 1]}",2026-02-03 12:06:07,2026-02-03 12:06:17
2026-02-03,Gurugram,18.9,8.6,13.75,0.0,0.0,7.2,45,"{""time"": [""2026-02-03"", ""2026-02-04"", ""2026-02-05"", ""2026-02-06"", ""2026-02-07"", ""2026-02-08"", ""2026-02-09""], ""temperature_2m_max"": [18.9, 20.2, 20.4, 21.4, 21.9, 22.8, 23.3], ""temperature_2m_min"": [8.6, 9.0, 8.2, 8.1, 10.9, 10.8, 9.0], ""precipitation_sum"": [0.0, 0.0, 0.0, 0.0, 0.0, 0.0, 0.0], ""rain_sum"": [0.0, 0.0, 0.0, 0.0, 0.0, 0.0, 0.0], ""wind_speed_10m_max"": [7.2, 11.2, 12.0, 14.0, 12.1, 12.8, 6.2], ""weather_code"": [45, 45, 1, 1, 3, 1, 3]}",2026-02-03 12:05:54,2026-02-03 12:06:18
